word	expected	NFA_RE	NFA_compact	DFA	NFA_grammar	RE_grammar	grammar
EPS	true	true	true	true	true	true	true
a	true	true	true	true	true	true	true
b	true	true	true	true	true	true	true
aa	true	true	true	true	true	true	true
ab	true	true	true	true	true	true	true
ba	false	false	false	false	false	false	false
bb	true	true	true	true	true	true	true
aaa	true	true	true	true	true	true	true
aab	true	true	true	true	true	true	true
aba	false	false	false	false	false	false	false
abb	true	true	true	true	true	true	true
baa	false	false	false	false	false	false	false
bab	false	false	false	false	false	false	false
bba	false	false	false	false	false	false	false
bbb	true	true	true	true	true	true	true
aaaa	false	false	false	false	false	false	false
aaab	true	true	true	true	true	true	true
aaba	false	false	false	false	false	false	false
aabb	true	true	true	true	true	true	true
abaa	false	false	false	false	false	false	false
abab	false	false	false	false	false	false	false
abba	false	false	false	false	false	false	false
abbb	true	true	true	true	true	true	true
baaa	false	false	false	false	false	false	false
baab	false	false	false	false	false	false	false
baba	false	false	false	false	false	false	false
babb	false	false	false	false	false	false	false
bbaa	false	false	false	false	false	false	false
bbab	false	false	false	false	false	false	false
bbba	false	false	false	false	false	false	false
bbbb	false	false	false	false	false	false	false
aaaaa	false	false	false	false	false	false	false
aaaab	false	false	false	false	false	false	false
aaaba	false	false	false	false	false	false	false
aaabb	true	true	true	true	true	true	true
aabaa	false	false	false	false	false	false	false
aabab	false	false	false	false	false	false	false
aabba	false	false	false	false	false	false	false
aabbb	true	true	true	true	true	true	true
abaaa	false	false	false	false	false	false	false
abaab	false	false	false	false	false	false	false
ababa	false	false	false	false	false	false	false
ababb	false	false	false	false	false	false	false
abbaa	false	false	false	false	false	false	false
abbab	false	false	false	false	false	false	false
abbba	false	false	false	false	false	false	false
abbbb	false	false	false	false	false	false	false
baaaa	false	false	false	false	false	false	false
baaab	false	false	false	false	false	false	false
baaba	false	false	false	false	false	false	false
baabb	false	false	false	false	false	false	false
babaa	false	false	false	false	false	false	false
babab	false	false	false	false	false	false	false
babba	false	false	false	false	false	false	false
babbb	false	false	false	false	false	false	false
bbaaa	false	false	false	false	false	false	false
bbaab	false	false	false	false	false	false	false
bbaba	false	false	false	false	false	false	false
bbabb	false	false	false	false	false	false	false
bbbaa	false	false	false	false	false	false	false
bbbab	false	false	false	false	false	false	false
bbbba	false	false	false	false	false	false	false
bbbbb	false	false	false	false	false	false	false
aaaaaa	false	false	false	false	false	false	false
aaaaab	false	false	false	false	false	false	false
aaaaba	false	false	false	false	false	false	false
aaaabb	false	false	false	false	false	false	false
aaabaa	false	false	false	false	false	false	false
aaabab	false	false	false	false	false	false	false
aaabba	false	false	false	false	false	false	false
aaabbb	true	true	true	true	true	true	true
aabaaa	false	false	false	false	false	false	false
aabaab	false	false	false	false	false	false	false
aababa	false	false	false	false	false	false	false
aababb	false	false	false	false	false	false	false
aabbaa	false	false	false	false	false	false	false
aabbab	false	false	false	false	false	false	false
aabbba	false	false	false	false	false	false	false
aabbbb	false	false	false	false	false	false	false
abaaaa	false	false	false	false	false	false	false
abaaab	false	false	false	false	false	false	false
abaaba	false	false	false	false	false	false	false
abaabb	false	false	false	false	false	false	false
ababaa	false	false	false	false	false	false	false
ababab	false	false	false	false	false	false	false
ababba	false	false	false	false	false	false	false
ababbb	false	false	false	false	false	false	false
abbaaa	false	false	false	false	false	false	false
abbaab	false	false	false	false	false	false	false
abbaba	false	false	false	false	false	false	false
abbabb	false	false	false	false	false	false	false
abbbaa	false	false	false	false	false	false	false
abbbab	false	false	false	false	false	false	false
abbbba	false	false	false	false	false	false	false
abbbbb	false	false	false	false	false	false	false
baaaaa	false	false	false	false	false	false	false
baaaab	false	false	false	false	false	false	false
baaaba	false	false	false	false	false	false	false
baaabb	false	false	false	false	false	false	false
baabaa	false	false	false	false	false	false	false
baabab	false	false	false	false	false	false	false
baabba	false	false	false	false	false	false	false
baabbb	false	false	false	false	false	false	false
babaaa	false	false	false	false	false	false	false
babaab	false	false	false	false	false	false	false
bababa	false	false	false	false	false	false	false
bababb	false	false	false	false	false	false	false
babbaa	false	false	false	false	false	false	false
babbab	false	false	false	false	false	false	false
babbba	false	false	false	false	false	false	false
babbbb	false	false	false	false	false	false	false
bbaaaa	false	false	false	false	false	false	false
bbaaab	false	false	false	false	false	false	false
bbaaba	false	false	false	false	false	false	false
bbaabb	false	false	false	false	false	false	false
bbabaa	false	false	false	false	false	false	false
bbabab	false	false	false	false	false	false	false
bbabba	false	false	false	false	false	false	false
bbabbb	false	false	false	false	false	false	false
bbbaaa	false	false	false	false	false	false	false
bbbaab	false	false	false	false	false	false	false
bbbaba	false	false	false	false	false	false	false
bbbabb	false	false	false	false	false	false	false
bbbbaa	false	false	false	false	false	false	false
bbbbab	false	false	false	false	false	false	false
bbbbba	false	false	false	false	false	false	false
bbbbbb	false	false	false	false	false	false	false
aaaaaaa	false	false	false	false	false	false	false
aaaaaab	false	false	false	false	false	false	false
aaaaaba	false	false	false	false	false	false	false
aaaaabb	false	false	false	false	false	false	false
aaaabaa	false	false	false	false	false	false	false
aaaabab	false	false	false	false	false	false	false
aaaabba	false	false	false	false	false	false	false
aaaabbb	false	false	false	false	false	false	false
aaabaaa	false	false	false	false	false	false	false
aaabaab	false	false	false	false	false	false	false
aaababa	false	false	false	false	false	false	false
aaababb	false	false	false	false	false	false	false
aaabbaa	false	false	false	false	false	false	false
aaabbab	false	false	false	false	false	false	false
aaabbba	false	false	false	false	false	false	false
aaabbbb	false	false	false	false	false	false	false
aabaaaa	false	false	false	false	false	false	false
aabaaab	false	false	false	false	false	false	false
aabaaba	false	false	false	false	false	false	false
aabaabb	false	false	false	false	false	false	false
aababaa	false	false	false	false	false	false	false
aababab	false	false	false	false	false	false	false
aababba	false	false	false	false	false	false	false
aababbb	false	false	false	false	false	false	false
aabbaaa	false	false	false	false	false	false	false
aabbaab	false	false	false	false	false	false	false
aabbaba	false	false	false	false	false	false	false
aabbabb	false	false	false	false	false	false	false
aabbbaa	false	false	false	false	false	false	false
aabbbab	false	false	false	false	false	false	false
aabbbba	false	false	false	false	false	false	false
aabbbbb	false	false	false	false	false	false	false
abaaaaa	false	false	false	false	false	false	false
abaaaab	false	false	false	false	false	false	false
abaaaba	false	false	false	false	false	false	false
abaaabb	false	false	false	false	false	false	false
abaabaa	false	false	false	false	false	false	false
abaabab	false	false	false	false	false	false	false
abaabba	false	false	false	false	false	false	false
abaabbb	false	false	false	false	false	false	false
ababaaa	false	false	false	false	false	false	false
ababaab	false	false	false	false	false	false	false
abababa	false	false	false	false	false	false	false
abababb	false	false	false	false	false	false	false
ababbaa	false	false	false	false	false	false	false
ababbab	false	false	false	false	false	false	false
ababbba	false	false	false	false	false	false	false
ababbbb	false	false	false	false	false	false	false
abbaaaa	false	false	false	false	false	false	false
abbaaab	false	false	false	false	false	false	false
abbaaba	false	false	false	false	false	false	false
abbaabb	false	false	false	false	false	false	false
abbabaa	false	false	false	false	false	false	false
abbabab	false	false	false	false	false	false	false
abbabba	false	false	false	false	false	false	false
abbabbb	false	false	false	false	false	false	false
abbbaaa	false	false	false	false	false	false	false
abbbaab	false	false	false	false	false	false	false
abbbaba	false	false	false	false	false	false	false
abbbabb	false	false	false	false	false	false	false
abbbbaa	false	false	false	false	false	false	false
abbbbab	false	false	false	false	false	false	false
abbbbba	false	false	false	false	false	false	false
abbbbbb	false	false	false	false	false	false	false
baaaaaa	false	false	false	false	false	false	false
baaaaab	false	false	false	false	false	false	false
baaaaba	false	false	false	false	false	false	false
baaaabb	false	false	false	false	false	false	false
baaabaa	false	false	false	false	false	false	false
baaabab	false	false	false	false	false	false	false
baaabba	false	false	false	false	false	false	false
baaabbb	false	false	false	false	false	false	false
baabaaa	false	false	false	false	false	false	false
baabaab	false	false	false	false	false	false	false
baababa	false	false	false	false	false	false	false
baababb	false	false	false	false	false	false	false
baabbaa	false	false	false	false	false	false	false
baabbab	false	false	false	false	false	false	false
baabbba	false	false	false	false	false	false	false
baabbbb	false	false	false	false	false	false	false
babaaaa	false	false	false	false	false	false	false
babaaab	false	false	false	false	false	false	false
babaaba	false	false	false	false	false	false	false
babaabb	false	false	false	false	false	false	false
bababaa	false	false	false	false	false	false	false
bababab	false	false	false	false	false	false	false
bababba	false	false	false	false	false	false	false
bababbb	false	false	false	false	false	false	false
babbaaa	false	false	false	false	false	false	false
babbaab	false	false	false	false	false	false	false
babbaba	false	false	false	false	false	false	false
babbabb	false	false	false	false	false	false	false
babbbaa	false	false	false	false	false	false	false
babbbab	false	false	false	false	false	false	false
babbbba	false	false	false	false	false	false	false
babbbbb	false	false	false	false	false	false	false
bbaaaaa	false	false	false	false	false	false	false
bbaaaab	false	false	false	false	false	false	false
bbaaaba	false	false	false	false	false	false	false
bbaaabb	false	false	false	false	false	false	false
bbaabaa	false	false	false	false	false	false	false
bbaabab	false	false	false	false	false	false	false
bbaabba	false	false	false	false	false	false	false
bbaabbb	false	false	false	false	false	false	false
bbabaaa	false	false	false	false	false	false	false
bbabaab	false	false	false	false	false	false	false
bbababa	false	false	false	false	false	false	false
bbababb	false	false	false	false	false	false	false
bbabbaa	false	false	false	false	false	false	false
bbabbab	false	false	false	false	false	false	false
bbabbba	false	false	false	false	false	false	false
bbabbbb	false	false	false	false	false	false	false
bbbaaaa	false	false	false	false	false	false	false
bbbaaab	false	false	false	false	false	false	false
bbbaaba	false	false	false	false	false	false	false
bbbaabb	false	false	false	false	false	false	false
bbbabaa	false	false	false	false	false	false	false
bbbabab	false	false	false	false	false	false	false
bbbabba	false	false	false	false	false	false	false
bbbabbb	false	false	false	false	false	false	false
bbbbaaa	false	false	false	false	false	false	false
bbbbaab	false	false	false	false	false	false	false
bbbbaba	false	false	false	false	false	false	false
bbbbabb	false	false	false	false	false	false	false
bbbbbaa	false	false	false	false	false	false	false
bbbbbab	false	false	false	false	false	false	false
bbbbbba	false	false	false	false	false	false	false
bbbbbbb	false	false	false	false	false	false	false
aaaaaaaa	false	false	false	false	false	false	false
aaaaaaab	false	false	false	false	false	false	false
aaaaaaba	false	false	false	false	false	false	false
aaaaaabb	false	false	false	false	false	false	false
aaaaabaa	false	false	false	false	false	false	false
aaaaabab	false	false	false	false	false	false	false
aaaaabba	false	false	false	false	false	false	false
aaaaabbb	false	false	false	false	false	false	false
aaaabaaa	false	false	false	false	false	false	false
aaaabaab	false	false	false	false	false	false	false
aaaababa	false	false	false	false	false	false	false
aaaababb	false	false	false	false	false	false	false
aaaabbaa	false	false	false	false	false	false	false
aaaabbab	false	false	false	false	false	false	false
aaaabbba	false	false	false	false	false	false	false
aaaabbbb	false	false	false	false	false	false	false
aaabaaaa	false	false	false	false	false	false	false
aaabaaab	false	false	false	false	false	false	false
aaabaaba	false	false	false	false	false	false	false
aaabaabb	false	false	false	false	false	false	false
aaababaa	false	false	false	false	false	false	false
aaababab	false	false	false	false	false	false	false
aaababba	false	false	false	false	false	false	false
aaababbb	false	false	false	false	false	false	false
aaabbaaa	false	false	false	false	false	false	false
aaabbaab	false	false	false	false	false	false	false
aaabbaba	false	false	false	false	false	false	false
aaabbabb	false	false	false	false	false	false	false
aaabbbaa	false	false	false	false	false	false	false
aaabbbab	false	false	false	false	false	false	false
aaabbbba	false	false	false	false	false	false	false
aaabbbbb	false	false	false	false	false	false	false
aabaaaaa	false	false	false	false	false	false	false
aabaaaab	false	false	false	false	false	false	false
aabaaaba	false	false	false	false	false	false	false
aabaaabb	false	false	false	false	false	false	false
aabaabaa	false	false	false	false	false	false	false
aabaabab	false	false	false	false	false	false	false
aabaabba	false	false	false	false	false	false	false
aabaabbb	false	false	false	false	false	false	false
aababaaa	false	false	false	false	false	false	false
aababaab	false	false	false	false	false	false	false
aabababa	false	false	false	false	false	false	false
aabababb	false	false	false	false	false	false	false
aababbaa	false	false	false	false	false	false	false
aababbab	false	false	false	false	false	false	false
aababbba	false	false	false	false	false	false	false
aababbbb	false	false	false	false	false	false	false
aabbaaaa	false	false	false	false	false	false	false
aabbaaab	false	false	false	false	false	false	false
aabbaaba	false	false	false	false	false	false	false
aabbaabb	false	false	false	false	false	false	false
aabbabaa	false	false	false	false	false	false	false
aabbabab	false	false	false	false	false	false	false
aabbabba	false	false	false	false	false	false	false
aabbabbb	false	false	false	false	false	false	false
aabbbaaa	false	false	false	false	false	false	false
aabbbaab	false	false	false	false	false	false	false
aabbbaba	false	false	false	false	false	false	false
aabbbabb	false	false	false	false	false	false	false
aabbbbaa	false	false	false	false	false	false	false
aabbbbab	false	false	false	false	false	false	false
aabbbbba	false	false	false	false	false	false	false
aabbbbbb	false	false	false	false	false	false	false
abaaaaaa	false	false	false	false	false	false	false
abaaaaab	false	false	false	false	false	false	false
abaaaaba	false	false	false	false	false	false	false
abaaaabb	false	false	false	false	false	false	false
abaaabaa	false	false	false	false	false	false	false
abaaabab	false	false	false	false	false	false	false
abaaabba	false	false	false	false	false	false	false
abaaabbb	false	false	false	false	false	false	false
abaabaaa	false	false	false	false	false	false	false
abaabaab	false	false	false	false	false	false	false
abaababa	false	false	false	false	false	false	false
abaababb	false	false	false	false	false	false	false
abaabbaa	false	false	false	false	false	false	false
abaabbab	false	false	false	false	false	false	false
abaabbba	false	false	false	false	false	false	false
abaabbbb	false	false	false	false	false	false	false
ababaaaa	false	false	false	false	false	false	false
ababaaab	false	false	false	false	false	false	false
ababaaba	false	false	false	false	false	false	false
ababaabb	false	false	false	false	false	false	false
abababaa	false	false	false	false	false	false	false
abababab	false	false	false	false	false	false	false
abababba	false	false	false	false	false	false	false
abababbb	false	false	false	false	false	false	false
ababbaaa	false	false	false	false	false	false	false
ababbaab	false	false	false	false	false	false	false
ababbaba	false	false	false	false	false	false	false
ababbabb	false	false	false	false	false	false	false
ababbbaa	false	false	false	false	false	false	false
ababbbab	false	false	false	false	false	false	false
ababbbba	false	false	false	false	false	false	false
ababbbbb	false	false	false	false	false	false	false
abbaaaaa	false	false	false	false	false	false	false
abbaaaab	false	false	false	false	false	false	false
abbaaaba	false	false	false	false	false	false	false
abbaaabb	false	false	false	false	false	false	false
abbaabaa	false	false	false	false	false	false	false
abbaabab	false	false	false	false	false	false	false
abbaabba	false	false	false	false	false	false	false
abbaabbb	false	false	false	false	false	false	false
abbabaaa	false	false	false	false	false	false	false
abbabaab	false	false	false	false	false	false	false
abbababa	false	false	false	false	false	false	false
abbababb	false	false	false	false	false	false	false
abbabbaa	false	false	false	false	false	false	false
abbabbab	false	false	false	false	false	false	false
abbabbba	false	false	false	false	false	false	false
abbabbbb	false	false	false	false	false	false	false
abbbaaaa	false	false	false	false	false	false	false
abbbaaab	false	false	false	false	false	false	false
abbbaaba	false	false	false	false	false	false	false
abbbaabb	false	false	false	false	false	false	false
abbbabaa	false	false	false	false	false	false	false
abbbabab	false	false	false	false	false	false	false
abbbabba	false	false	false	false	false	false	false
abbbabbb	false	false	false	false	false	false	false
abbbbaaa	false	false	false	false	false	false	false
abbbbaab	false	false	false	false	false	false	false
abbbbaba	false	false	false	false	false	false	false
abbbbabb	false	false	false	false	false	false	false
abbbbbaa	false	false	false	false	false	false	false
abbbbbab	false	false	false	false	false	false	false
abbbbbba	false	false	false	false	false	false	false
abbbbbbb	false	false	false	false	false	false	false
baaaaaaa	false	false	false	false	false	false	false
baaaaaab	false	false	false	false	false	false	false
baaaaaba	false	false	false	false	false	false	false
baaaaabb	false	false	false	false	false	false	false
baaaabaa	false	false	false	false	false	false	false
baaaabab	false	false	false	false	false	false	false
baaaabba	false	false	false	false	false	false	false
baaaabbb	false	false	false	false	false	false	false
baaabaaa	false	false	false	false	false	false	false
baaabaab	false	false	false	false	false	false	false
baaababa	false	false	false	false	false	false	false
baaababb	false	false	false	false	false	false	false
baaabbaa	false	false	false	false	false	false	false
baaabbab	false	false	false	false	false	false	false
baaabbba	false	false	false	false	false	false	false
baaabbbb	false	false	false	false	false	false	false
baabaaaa	false	false	false	false	false	false	false
baabaaab	false	false	false	false	false	false	false
baabaaba	false	false	false	false	false	false	false
baabaabb	false	false	false	false	false	false	false
baababaa	false	false	false	false	false	false	false
baababab	false	false	false	false	false	false	false
baababba	false	false	false	false	false	false	false
baababbb	false	false	false	false	false	false	false
baabbaaa	false	false	false	false	false	false	false
baabbaab	false	false	false	false	false	false	false
baabbaba	false	false	false	false	false	false	false
baabbabb	false	false	false	false	false	false	false
baabbbaa	false	false	false	false	false	false	false
baabbbab	false	false	false	false	false	false	false
baabbbba	false	false	false	false	false	false	false
baabbbbb	false	false	false	false	false	false	false
babaaaaa	false	false	false	false	false	false	false
babaaaab	false	false	false	false	false	false	false
babaaaba	false	false	false	false	false	false	false
babaaabb	false	false	false	false	false	false	false
babaabaa	false	false	false	false	false	false	false
babaabab	false	false	false	false	false	false	false
babaabba	false	false	false	false	false	false	false
babaabbb	false	false	false	false	false	false	false
bababaaa	false	false	false	false	false	false	false
bababaab	false	false	false	false	false	false	false
babababa	false	false	false	false	false	false	false
babababb	false	false	false	false	false	false	false
bababbaa	false	false	false	false	false	false	false
bababbab	false	false	false	false	false	false	false
bababbba	false	false	false	false	false	false	false
bababbbb	false	false	false	false	false	false	false
babbaaaa	false	false	false	false	false	false	false
babbaaab	false	false	false	false	false	false	false
babbaaba	false	false	false	false	false	false	false
babbaabb	false	false	false	false	false	false	false
babbabaa	false	false	false	false	false	false	false
babbabab	false	false	false	false	false	false	false
babbabba	false	false	false	false	false	false	false
babbabbb	false	false	false	false	false	false	false
babbbaaa	false	false	false	false	false	false	false
babbbaab	false	false	false	false	false	false	false
babbbaba	false	false	false	false	false	false	false
babbbabb	false	false	false	false	false	false	false
babbbbaa	false	false	false	false	false	false	false
babbbbab	false	false	false	false	false	false	false
babbbbba	false	false	false	false	false	false	false
babbbbbb	false	false	false	false	false	false	false
bbaaaaaa	false	false	false	false	false	false	false
bbaaaaab	false	false	false	false	false	false	false
bbaaaaba	false	false	false	false	false	false	false
bbaaaabb	false	false	false	false	false	false	false
bbaaabaa	false	false	false	false	false	false	false
bbaaabab	false	false	false	false	false	false	false
bbaaabba	false	false	false	false	false	false	false
bbaaabbb	false	false	false	false	false	false	false
bbaabaaa	false	false	false	false	false	false	false
bbaabaab	false	false	false	false	false	false	false
bbaababa	false	false	false	false	false	false	false
bbaababb	false	false	false	false	false	false	false
bbaabbaa	false	false	false	false	false	false	false
bbaabbab	false	false	false	false	false	false	false
bbaabbba	false	false	false	false	false	false	false
bbaabbbb	false	false	false	false	false	false	false
bbabaaaa	false	false	false	false	false	false	false
bbabaaab	false	false	false	false	false	false	false
bbabaaba	false	false	false	false	false	false	false
bbabaabb	false	false	false	false	false	false	false
bbababaa	false	false	false	false	false	false	false
bbababab	false	false	false	false	false	false	false
bbababba	false	false	false	false	false	false	false
bbababbb	false	false	false	false	false	false	false
bbabbaaa	false	false	false	false	false	false	false
bbabbaab	false	false	false	false	false	false	false
bbabbaba	false	false	false	false	false	false	false
bbabbabb	false	false	false	false	false	false	false
bbabbbaa	false	false	false	false	false	false	false
bbabbbab	false	false	false	false	false	false	false
bbabbbba	false	false	false	false	false	false	false
bbabbbbb	false	false	false	false	false	false	false
bbbaaaaa	false	false	false	false	false	false	false
bbbaaaab	false	false	false	false	false	false	false
bbbaaaba	false	false	false	false	false	false	false
bbbaaabb	false	false	false	false	false	false	false
bbbaabaa	false	false	false	false	false	false	false
bbbaabab	false	false	false	false	false	false	false
bbbaabba	false	false	false	false	false	false	false
bbbaabbb	false	false	false	false	false	false	false
bbbabaaa	false	false	false	false	false	false	false
bbbabaab	false	false	false	false	false	false	false
bbbababa	false	false	false	false	false	false	false
bbbababb	false	false	false	false	false	false	false
bbbabbaa	false	false	false	false	false	false	false
bbbabbab	false	false	false	false	false	false	false
bbbabbba	false	false	false	false	false	false	false
bbbabbbb	false	false	false	false	false	false	false
bbbbaaaa	false	false	false	false	false	false	false
bbbbaaab	false	false	false	false	false	false	false
bbbbaaba	false	false	false	false	false	false	false
bbbbaabb	false	false	false	false	false	false	false
bbbbabaa	false	false	false	false	false	false	false
bbbbabab	false	false	false	false	false	false	false
bbbbabba	false	false	false	false	false	false	false
bbbbabbb	false	false	false	false	false	false	false
bbbbbaaa	false	false	false	false	false	false	false
bbbbbaab	false	false	false	false	false	false	false
bbbbbaba	false	false	false	false	false	false	false
bbbbbabb	false	false	false	false	false	false	false
bbbbbbaa	false	false	false	false	false	false	false
bbbbbbab	false	false	false	false	false	false	false
bbbbbbba	false	false	false	false	false	false	false
bbbbbbbb	false	false	false	false	false	false	false
aaaaaaaaa	false	false	false	false	false	false	false
aaaaaaaab	false	false	false	false	false	false	false
aaaaaaaba	false	false	false	false	false	false	false
aaaaaaabb	false	false	false	false	false	false	false
aaaaaabaa	false	false	false	false	false	false	false
aaaaaabab	false	false	false	false	false	false	false
aaaaaabba	false	false	false	false	false	false	false
aaaaaabbb	false	false	false	false	false	false	false
aaaaabaaa	false	false	false	false	false	false	false
aaaaabaab	false	false	false	false	false	false	false
aaaaababa	false	false	false	false	false	false	false
aaaaababb	false	false	false	false	false	false	false
aaaaabbaa	false	false	false	false	false	false	false
aaaaabbab	false	false	false	false	false	false	false
aaaaabbba	false	false	false	false	false	false	false
aaaaabbbb	false	false	false	false	false	false	false
aaaabaaaa	false	false	false	false	false	false	false
aaaabaaab	false	false	false	false	false	false	false
aaaabaaba	false	false	false	false	false	false	false
aaaabaabb	false	false	false	false	false	false	false
aaaababaa	false	false	false	false	false	false	false
aaaababab	false	false	false	false	false	false	false
aaaababba	false	false	false	false	false	false	false
aaaababbb	false	false	false	false	false	false	false
aaaabbaaa	false	false	false	false	false	false	false
aaaabbaab	false	false	false	false	false	false	false
aaaabbaba	false	false	false	false	false	false	false
aaaabbabb	false	false	false	false	false	false	false
aaaabbbaa	false	false	false	false	false	false	false
aaaabbbab	false	false	false	false	false	false	false
aaaabbbba	false	false	false	false	false	false	false
aaaabbbbb	false	false	false	false	false	false	false
aaabaaaaa	false	false	false	false	false	false	false
aaabaaaab	false	false	false	false	false	false	false
aaabaaaba	false	false	false	false	false	false	false
aaabaaabb	false	false	false	false	false	false	false
aaabaabaa	false	false	false	false	false	false	false
aaabaabab	false	false	false	false	false	false	false
aaabaabba	false	false	false	false	false	false	false
aaabaabbb	false	false	false	false	false	false	false
aaababaaa	false	false	false	false	false	false	false
aaababaab	false	false	false	false	false	false	false
aaabababa	false	false	false	false	false	false	false
aaabababb	false	false	false	false	false	false	false
aaababbaa	false	false	false	false	false	false	false
aaababbab	false	false	false	false	false	false	false
aaababbba	false	false	false	false	false	false	false
aaababbbb	false	false	false	false	false	false	false
aaabbaaaa	false	false	false	false	false	false	false
aaabbaaab	false	false	false	false	false	false	false
aaabbaaba	false	false	false	false	false	false	false
aaabbaabb	false	false	false	false	false	false	false
aaabbabaa	false	false	false	false	false	false	false
aaabbabab	false	false	false	false	false	false	false
aaabbabba	false	false	false	false	false	false	false
aaabbabbb	false	false	false	false	false	false	false
aaabbbaaa	false	false	false	false	false	false	false
aaabbbaab	false	false	false	false	false	false	false
aaabbbaba	false	false	false	false	false	false	false
aaabbbabb	false	false	false	false	false	false	false
aaabbbbaa	false	false	false	false	false	false	false
aaabbbbab	false	false	false	false	false	false	false
aaabbbbba	false	false	false	false	false	false	false
aaabbbbbb	false	false	false	false	false	false	false
aabaaaaaa	false	false	false	false	false	false	false
aabaaaaab	false	false	false	false	false	false	false
aabaaaaba	false	false	false	false	false	false	false
aabaaaabb	false	false	false	false	false	false	false
aabaaabaa	false	false	false	false	false	false	false
aabaaabab	false	false	false	false	false	false	false
aabaaabba	false	false	false	false	false	false	false
aabaaabbb	false	false	false	false	false	false	false
aabaabaaa	false	false	false	false	false	false	false
aabaabaab	false	false	false	false	false	false	false
aabaababa	false	false	false	false	false	false	false
aabaababb	false	false	false	false	false	false	false
aabaabbaa	false	false	false	false	false	false	false
aabaabbab	false	false	false	false	false	false	false
aabaabbba	false	false	false	false	false	false	false
aabaabbbb	false	false	false	false	false	false	false
aababaaaa	false	false	false	false	false	false	false
aababaaab	false	false	false	false	false	false	false
aababaaba	false	false	false	false	false	false	false
aababaabb	false	false	false	false	false	false	false
aabababaa	false	false	false	false	false	false	false
aabababab	false	false	false	false	false	false	false
aabababba	false	false	false	false	false	false	false
aabababbb	false	false	false	false	false	false	false
aababbaaa	false	false	false	false	false	false	false
aababbaab	false	false	false	false	false	false	false
aababbaba	false	false	false	false	false	false	false
aababbabb	false	false	false	false	false	false	false
aababbbaa	false	false	false	false	false	false	false
aababbbab	false	false	false	false	false	false	false
aababbbba	false	false	false	false	false	false	false
aababbbbb	false	false	false	false	false	false	false
aabbaaaaa	false	false	false	false	false	false	false
aabbaaaab	false	false	false	false	false	false	false
aabbaaaba	false	false	false	false	false	false	false
aabbaaabb	false	false	false	false	false	false	false
aabbaabaa	false	false	false	false	false	false	false
aabbaabab	false	false	false	false	false	false	false
aabbaabba	false	false	false	false	false	false	false
aabbaabbb	false	false	false	false	false	false	false
aabbabaaa	false	false	false	false	false	false	false
aabbabaab	false	false	false	false	false	false	false
aabbababa	false	false	false	false	false	false	false
aabbababb	false	false	false	false	false	false	false
aabbabbaa	false	false	false	false	false	false	false
aabbabbab	false	false	false	false	false	false	false
aabbabbba	false	false	false	false	false	false	false
aabbabbbb	false	false	false	false	false	false	false
aabbbaaaa	false	false	false	false	false	false	false
aabbbaaab	false	false	false	false	false	false	false
aabbbaaba	false	false	false	false	false	false	false
aabbbaabb	false	false	false	false	false	false	false
aabbbabaa	false	false	false	false	false	false	false
aabbbabab	false	false	false	false	false	false	false
aabbbabba	false	false	false	false	false	false	false
aabbbabbb	false	false	false	false	false	false	false
aabbbbaaa	false	false	false	false	false	false	false
aabbbbaab	false	false	false	false	false	false	false
aabbbbaba	false	false	false	false	false	false	false
aabbbbabb	false	false	false	false	false	false	false
aabbbbbaa	false	false	false	false	false	false	false
aabbbbbab	false	false	false	false	false	false	false
aabbbbbba	false	false	false	false	false	false	false
aabbbbbbb	false	false	false	false	false	false	false
abaaaaaaa	false	false	false	false	false	false	false
abaaaaaab	false	false	false	false	false	false	false
abaaaaaba	false	false	false	false	false	false	false
abaaaaabb	false	false	false	false	false	false	false
abaaaabaa	false	false	false	false	false	false	false
abaaaabab	false	false	false	false	false	false	false
abaaaabba	false	false	false	false	false	false	false
abaaaabbb	false	false	false	false	false	false	false
abaaabaaa	false	false	false	false	false	false	false
abaaabaab	false	false	false	false	false	false	false
abaaababa	false	false	false	false	false	false	false
abaaababb	false	false	false	false	false	false	false
abaaabbaa	false	false	false	false	false	false	false
abaaabbab	false	false	false	false	false	false	false
abaaabbba	false	false	false	false	false	false	false
abaaabbbb	false	false	false	false	false	false	false
abaabaaaa	false	false	false	false	false	false	false
abaabaaab	false	false	false	false	false	false	false
abaabaaba	false	false	false	false	false	false	false
abaabaabb	false	false	false	false	false	false	false
abaababaa	false	false	false	false	false	false	false
abaababab	false	false	false	false	false	false	false
abaababba	false	false	false	false	false	false	false
abaababbb	false	false	false	false	false	false	false
abaabbaaa	false	false	false	false	false	false	false
abaabbaab	false	false	false	false	false	false	false
abaabbaba	false	false	false	false	false	false	false
abaabbabb	false	false	false	false	false	false	false
abaabbbaa	false	false	false	false	false	false	false
abaabbbab	false	false	false	false	false	false	false
abaabbbba	false	false	false	false	false	false	false
abaabbbbb	false	false	false	false	false	false	false
ababaaaaa	false	false	false	false	false	false	false
ababaaaab	false	false	false	false	false	false	false
ababaaaba	false	false	false	false	false	false	false
ababaaabb	false	false	false	false	false	false	false
ababaabaa	false	false	false	false	false	false	false
ababaabab	false	false	false	false	false	false	false
ababaabba	false	false	false	false	false	false	false
ababaabbb	false	false	false	false	false	false	false
abababaaa	false	false	false	false	false	false	false
abababaab	false	false	false	false	false	false	false
ababababa	false	false	false	false	false	false	false
ababababb	false	false	false	false	false	false	false
abababbaa	false	false	false	false	false	false	false
abababbab	false	false	false	false	false	false	false
abababbba	false	false	false	false	false	false	false
abababbbb	false	false	false	false	false	false	false
ababbaaaa	false	false	false	false	false	false	false
ababbaaab	false	false	false	false	false	false	false
ababbaaba	false	false	false	false	false	false	false
ababbaabb	false	false	false	false	false	false	false
ababbabaa	false	false	false	false	false	false	false
ababbabab	false	false	false	false	false	false	false
ababbabba	false	false	false	false	false	false	false
ababbabbb	false	false	false	false	false	false	false
ababbbaaa	false	false	false	false	false	false	false
ababbbaab	false	false	false	false	false	false	false
ababbbaba	false	false	false	false	false	false	false
ababbbabb	false	false	false	false	false	false	false
ababbbbaa	false	false	false	false	false	false	false
ababbbbab	false	false	false	false	false	false	false
ababbbbba	false	false	false	false	false	false	false
ababbbbbb	false	false	false	false	false	false	false
abbaaaaaa	false	false	false	false	false	false	false
abbaaaaab	false	false	false	false	false	false	false
abbaaaaba	false	false	false	false	false	false	false
abbaaaabb	false	false	false	false	false	false	false
abbaaabaa	false	false	false	false	false	false	false
abbaaabab	false	false	false	false	false	false	false
abbaaabba	false	false	false	false	false	false	false
abbaaabbb	false	false	false	false	false	false	false
abbaabaaa	false	false	false	false	false	false	false
abbaabaab	false	false	false	false	false	false	false
abbaababa	false	false	false	false	false	false	false
abbaababb	false	false	false	false	false	false	false
abbaabbaa	false	false	false	false	false	false	false
abbaabbab	false	false	false	false	false	false	false
abbaabbba	false	false	false	false	false	false	false
abbaabbbb	false	false	false	false	false	false	false
abbabaaaa	false	false	false	false	false	false	false
abbabaaab	false	false	false	false	false	false	false
abbabaaba	false	false	false	false	false	false	false
abbabaabb	false	false	false	false	false	false	false
abbababaa	false	false	false	false	false	false	false
abbababab	false	false	false	false	false	false	false
abbababba	false	false	false	false	false	false	false
abbababbb	false	false	false	false	false	false	false
abbabbaaa	false	false	false	false	false	false	false
abbabbaab	false	false	false	false	false	false	false
abbabbaba	false	false	false	false	false	false	false
abbabbabb	false	false	false	false	false	false	false
abbabbbaa	false	false	false	false	false	false	false
abbabbbab	false	false	false	false	false	false	false
abbabbbba	false	false	false	false	false	false	false
abbabbbbb	false	false	false	false	false	false	false
abbbaaaaa	false	false	false	false	false	false	false
abbbaaaab	false	false	false	false	false	false	false
abbbaaaba	false	false	false	false	false	false	false
abbbaaabb	false	false	false	false	false	false	false
abbbaabaa	false	false	false	false	false	false	false
abbbaabab	false	false	false	false	false	false	false
abbbaabba	false	false	false	false	false	false	false
abbbaabbb	false	false	false	false	false	false	false
abbbabaaa	false	false	false	false	false	false	false
abbbabaab	false	false	false	false	false	false	false
abbbababa	false	false	false	false	false	false	false
abbbababb	false	false	false	false	false	false	false
abbbabbaa	false	false	false	false	false	false	false
abbbabbab	false	false	false	false	false	false	false
abbbabbba	false	false	false	false	false	false	false
abbbabbbb	false	false	false	false	false	false	false
abbbbaaaa	false	false	false	false	false	false	false
abbbbaaab	false	false	false	false	false	false	false
abbbbaaba	false	false	false	false	false	false	false
abbbbaabb	false	false	false	false	false	false	false
abbbbabaa	false	false	false	false	false	false	false
abbbbabab	false	false	false	false	false	false	false
abbbbabba	false	false	false	false	false	false	false
abbbbabbb	false	false	false	false	false	false	false
abbbbbaaa	false	false	false	false	false	false	false
abbbbbaab	false	false	false	false	false	false	false
abbbbbaba	false	false	false	false	false	false	false
abbbbbabb	false	false	false	false	false	false	false
abbbbbbaa	false	false	false	false	false	false	false
abbbbbbab	false	false	false	false	false	false	false
abbbbbbba	false	false	false	false	false	false	false
abbbbbbbb	false	false	false	false	false	false	false
baaaaaaaa	false	false	false	false	false	false	false
baaaaaaab	false	false	false	false	false	false	false
baaaaaaba	false	false	false	false	false	false	false
baaaaaabb	false	false	false	false	false	false	false
baaaaabaa	false	false	false	false	false	false	false
baaaaabab	false	false	false	false	false	false	false
baaaaabba	false	false	false	false	false	false	false
baaaaabbb	false	false	false	false	false	false	false
baaaabaaa	false	false	false	false	false	false	false
baaaabaab	false	false	false	false	false	false	false
baaaababa	false	false	false	false	false	false	false
baaaababb	false	false	false	false	false	false	false
baaaabbaa	false	false	false	false	false	false	false
baaaabbab	false	false	false	false	false	false	false
baaaabbba	false	false	false	false	false	false	false
baaaabbbb	false	false	false	false	false	false	false
baaabaaaa	false	false	false	false	false	false	false
baaabaaab	false	false	false	false	false	false	false
baaabaaba	false	false	false	false	false	false	false
baaabaabb	false	false	false	false	false	false	false
baaababaa	false	false	false	false	false	false	false
baaababab	false	false	false	false	false	false	false
baaababba	false	false	false	false	false	false	false
baaababbb	false	false	false	false	false	false	false
baaabbaaa	false	false	false	false	false	false	false
baaabbaab	false	false	false	false	false	false	false
baaabbaba	false	false	false	false	false	false	false
baaabbabb	false	false	false	false	false	false	false
baaabbbaa	false	false	false	false	false	false	false
baaabbbab	false	false	false	false	false	false	false
baaabbbba	false	false	false	false	false	false	false
baaabbbbb	false	false	false	false	false	false	false
baabaaaaa	false	false	false	false	false	false	false
baabaaaab	false	false	false	false	false	false	false
baabaaaba	false	false	false	false	false	false	false
baabaaabb	false	false	false	false	false	false	false
baabaabaa	false	false	false	false	false	false	false
baabaabab	false	false	false	false	false	false	false
baabaabba	false	false	false	false	false	false	false
baabaabbb	false	false	false	false	false	false	false
baababaaa	false	false	false	false	false	false	false
baababaab	false	false	false	false	false	false	false
baabababa	false	false	false	false	false	false	false
baabababb	false	false	false	false	false	false	false
baababbaa	false	false	false	false	false	false	false
baababbab	false	false	false	false	false	false	false
baababbba	false	false	false	false	false	false	false
baababbbb	false	false	false	false	false	false	false
baabbaaaa	false	false	false	false	false	false	false
baabbaaab	false	false	false	false	false	false	false
baabbaaba	false	false	false	false	false	false	false
baabbaabb	false	false	false	false	false	false	false
baabbabaa	false	false	false	false	false	false	false
baabbabab	false	false	false	false	false	false	false
baabbabba	false	false	false	false	false	false	false
baabbabbb	false	false	false	false	false	false	false
baabbbaaa	false	false	false	false	false	false	false
baabbbaab	false	false	false	false	false	false	false
baabbbaba	false	false	false	false	false	false	false
baabbbabb	false	false	false	false	false	false	false
baabbbbaa	false	false	false	false	false	false	false
baabbbbab	false	false	false	false	false	false	false
baabbbbba	false	false	false	false	false	false	false
baabbbbbb	false	false	false	false	false	false	false
babaaaaaa	false	false	false	false	false	false	false
babaaaaab	false	false	false	false	false	false	false
babaaaaba	false	false	false	false	false	false	false
babaaaabb	false	false	false	false	false	false	false
babaaabaa	false	false	false	false	false	false	false
babaaabab	false	false	false	false	false	false	false
babaaabba	false	false	false	false	false	false	false
babaaabbb	false	false	false	false	false	false	false
babaabaaa	false	false	false	false	false	false	false
babaabaab	false	false	false	false	false	false	false
babaababa	false	false	false	false	false	false	false
babaababb	false	false	false	false	false	false	false
babaabbaa	false	false	false	false	false	false	false
babaabbab	false	false	false	false	false	false	false
babaabbba	false	false	false	false	false	false	false
babaabbbb	false	false	false	false	false	false	false
bababaaaa	false	false	false	false	false	false	false
bababaaab	false	false	false	false	false	false	false
bababaaba	false	false	false	false	false	false	false
bababaabb	false	false	false	false	false	false	false
babababaa	false	false	false	false	false	false	false
babababab	false	false	false	false	false	false	false
babababba	false	false	false	false	false	false	false
babababbb	false	false	false	false	false	false	false
bababbaaa	false	false	false	false	false	false	false
bababbaab	false	false	false	false	false	false	false
bababbaba	false	false	false	false	false	false	false
bababbabb	false	false	false	false	false	false	false
bababbbaa	false	false	false	false	false	false	false
bababbbab	false	false	false	false	false	false	false
bababbbba	false	false	false	false	false	false	false
bababbbbb	false	false	false	false	false	false	false
babbaaaaa	false	false	false	false	false	false	false
babbaaaab	false	false	false	false	false	false	false
babbaaaba	false	false	false	false	false	false	false
babbaaabb	false	false	false	false	false	false	false
babbaabaa	false	false	false	false	false	false	false
babbaabab	false	false	false	false	false	false	false
babbaabba	false	false	false	false	false	false	false
babbaabbb	false	false	false	false	false	false	false
babbabaaa	false	false	false	false	false	false	false
babbabaab	false	false	false	false	false	false	false
babbababa	false	false	false	false	false	false	false
babbababb	false	false	false	false	false	false	false
babbabbaa	false	false	false	false	false	false	false
babbabbab	false	false	false	false	false	false	false
babbabbba	false	false	false	false	false	false	false
babbabbbb	false	false	false	false	false	false	false
babbbaaaa	false	false	false	false	false	false	false
babbbaaab	false	false	false	false	false	false	false
babbbaaba	false	false	false	false	false	false	false
babbbaabb	false	false	false	false	false	false	false
babbbabaa	false	false	false	false	false	false	false
babbbabab	false	false	false	false	false	false	false
babbbabba	false	false	false	false	false	false	false
babbbabbb	false	false	false	false	false	false	false
babbbbaaa	false	false	false	false	false	false	false
babbbbaab	false	false	false	false	false	false	false
babbbbaba	false	false	false	false	false	false	false
babbbbabb	false	false	false	false	false	false	false
babbbbbaa	false	false	false	false	false	false	false
babbbbbab	false	false	false	false	false	false	false
babbbbbba	false	false	false	false	false	false	false
babbbbbbb	false	false	false	false	false	false	false
bbaaaaaaa	false	false	false	false	false	false	false
bbaaaaaab	false	false	false	false	false	false	false
bbaaaaaba	false	false	false	false	false	false	false
bbaaaaabb	false	false	false	false	false	false	false
bbaaaabaa	false	false	false	false	false	false	false
bbaaaabab	false	false	false	false	false	false	false
bbaaaabba	false	false	false	false	false	false	false
bbaaaabbb	false	false	false	false	false	false	false
bbaaabaaa	false	false	false	false	false	false	false
bbaaabaab	false	false	false	false	false	false	false
bbaaababa	false	false	false	false	false	false	false
bbaaababb	false	false	false	false	false	false	false
bbaaabbaa	false	false	false	false	false	false	false
bbaaabbab	false	false	false	false	false	false	false
bbaaabbba	false	false	false	false	false	false	false
bbaaabbbb	false	false	false	false	false	false	false
bbaabaaaa	false	false	false	false	false	false	false
bbaabaaab	false	false	false	false	false	false	false
bbaabaaba	false	false	false	false	false	false	false
bbaabaabb	false	false	false	false	false	false	false
bbaababaa	false	false	false	false	false	false	false
bbaababab	false	false	false	false	false	false	false
bbaababba	false	false	false	false	false	false	false
bbaababbb	false	false	false	false	false	false	false
bbaabbaaa	false	false	false	false	false	false	false
bbaabbaab	false	false	false	false	false	false	false
bbaabbaba	false	false	false	false	false	false	false
bbaabbabb	false	false	false	false	false	false	false
bbaabbbaa	false	false	false	false	false	false	false
bbaabbbab	false	false	false	false	false	false	false
bbaabbbba	false	false	false	false	false	false	false
bbaabbbbb	false	false	false	false	false	false	false
bbabaaaaa	false	false	false	false	false	false	false
bbabaaaab	false	false	false	false	false	false	false
bbabaaaba	false	false	false	false	false	false	false
bbabaaabb	false	false	false	false	false	false	false
bbabaabaa	false	false	false	false	false	false	false
bbabaabab	false	false	false	false	false	false	false
bbabaabba	false	false	false	false	false	false	false
bbabaabbb	false	false	false	false	false	false	false
bbababaaa	false	false	false	false	false	false	false
bbababaab	false	false	false	false	false	false	false
bbabababa	false	false	false	false	false	false	false
bbabababb	false	false	false	false	false	false	false
bbababbaa	false	false	false	false	false	false	false
bbababbab	false	false	false	false	false	false	false
bbababbba	false	false	false	false	false	false	false
bbababbbb	false	false	false	false	false	false	false
bbabbaaaa	false	false	false	false	false	false	false
bbabbaaab	false	false	false	false	false	false	false
bbabbaaba	false	false	false	false	false	false	false
bbabbaabb	false	false	false	false	false	false	false
bbabbabaa	false	false	false	false	false	false	false
bbabbabab	false	false	false	false	false	false	false
bbabbabba	false	false	false	false	false	false	false
bbabbabbb	false	false	false	false	false	false	false
bbabbbaaa	false	false	false	false	false	false	false
bbabbbaab	false	false	false	false	false	false	false
bbabbbaba	false	false	false	false	false	false	false
bbabbbabb	false	false	false	false	false	false	false
bbabbbbaa	false	false	false	false	false	false	false
bbabbbbab	false	false	false	false	false	false	false
bbabbbbba	false	false	false	false	false	false	false
bbabbbbbb	false	false	false	false	false	false	false
bbbaaaaaa	false	false	false	false	false	false	false
bbbaaaaab	false	false	false	false	false	false	false
bbbaaaaba	false	false	false	false	false	false	false
bbbaaaabb	false	false	false	false	false	false	false
bbbaaabaa	false	false	false	false	false	false	false
bbbaaabab	false	false	false	false	false	false	false
bbbaaabba	false	false	false	false	false	false	false
bbbaaabbb	false	false	false	false	false	false	false
bbbaabaaa	false	false	false	false	false	false	false
bbbaabaab	false	false	false	false	false	false	false
bbbaababa	false	false	false	false	false	false	false
bbbaababb	false	false	false	false	false	false	false
bbbaabbaa	false	false	false	false	false	false	false
bbbaabbab	false	false	false	false	false	false	false
bbbaabbba	false	false	false	false	false	false	false
bbbaabbbb	false	false	false	false	false	false	false
bbbabaaaa	false	false	false	false	false	false	false
bbbabaaab	false	false	false	false	false	false	false
bbbabaaba	false	false	false	false	false	false	false
bbbabaabb	false	false	false	false	false	false	false
bbbababaa	false	false	false	false	false	false	false
bbbababab	false	false	false	false	false	false	false
bbbababba	false	false	false	false	false	false	false
bbbababbb	false	false	false	false	false	false	false
bbbabbaaa	false	false	false	false	false	false	false
bbbabbaab	false	false	false	false	false	false	false
bbbabbaba	false	false	false	false	false	false	false
bbbabbabb	false	false	false	false	false	false	false
bbbabbbaa	false	false	false	false	false	false	false
bbbabbbab	false	false	false	false	false	false	false
bbbabbbba	false	false	false	false	false	false	false
bbbabbbbb	false	false	false	false	false	false	false
bbbbaaaaa	false	false	false	false	false	false	false
bbbbaaaab	false	false	false	false	false	false	false
bbbbaaaba	false	false	false	false	false	false	false
bbbbaaabb	false	false	false	false	false	false	false
bbbbaabaa	false	false	false	false	false	false	false
bbbbaabab	false	false	false	false	false	false	false
bbbbaabba	false	false	false	false	false	false	false
bbbbaabbb	false	false	false	false	false	false	false
bbbbabaaa	false	false	false	false	false	false	false
bbbbabaab	false	false	false	false	false	false	false
bbbbababa	false	false	false	false	false	false	false
bbbbababb	false	false	false	false	false	false	false
bbbbabbaa	false	false	false	false	false	false	false
bbbbabbab	false	false	false	false	false	false	false
bbbbabbba	false	false	false	false	false	false	false
bbbbabbbb	false	false	false	false	false	false	false
bbbbbaaaa	false	false	false	false	false	false	false
bbbbbaaab	false	false	false	false	false	false	false
bbbbbaaba	false	false	false	false	false	false	false
bbbbbaabb	false	false	false	false	false	false	false
bbbbbabaa	false	false	false	false	false	false	false
bbbbbabab	false	false	false	false	false	false	false
bbbbbabba	false	false	false	false	false	false	false
bbbbbabbb	false	false	false	false	false	false	false
bbbbbbaaa	false	false	false	false	false	false	false
bbbbbbaab	false	false	false	false	false	false	false
bbbbbbaba	false	false	false	false	false	false	false
bbbbbbabb	false	false	false	false	false	false	false
bbbbbbbaa	false	false	false	false	false	false	false
bbbbbbbab	false	false	false	false	false	false	false
bbbbbbbba	false	false	false	false	false	false	false
bbbbbbbbb	false	false	false	false	false	false	false
aaaaaaaaaa	false	false	false	false	false	false	false
aaaaaaaaab	false	false	false	false	false	false	false
aaaaaaaaba	false	false	false	false	false	false	false
aaaaaaaabb	false	false	false	false	false	false	false
aaaaaaabaa	false	false	false	false	false	false	false
aaaaaaabab	false	false	false	false	false	false	false
aaaaaaabba	false	false	false	false	false	false	false
aaaaaaabbb	false	false	false	false	false	false	false
aaaaaabaaa	false	false	false	false	false	false	false
aaaaaabaab	false	false	false	false	false	false	false
aaaaaababa	false	false	false	false	false	false	false
aaaaaababb	false	false	false	false	false	false	false
aaaaaabbaa	false	false	false	false	false	false	false
aaaaaabbab	false	false	false	false	false	false	false
aaaaaabbba	false	false	false	false	false	false	false
aaaaaabbbb	false	false	false	false	false	false	false
aaaaabaaaa	false	false	false	false	false	false	false
aaaaabaaab	false	false	false	false	false	false	false
aaaaabaaba	false	false	false	false	false	false	false
aaaaabaabb	false	false	false	false	false	false	false
aaaaababaa	false	false	false	false	false	false	false
aaaaababab	false	false	false	false	false	false	false
aaaaababba	false	false	false	false	false	false	false
aaaaababbb	false	false	false	false	false	false	false
aaaaabbaaa	false	false	false	false	false	false	false
aaaaabbaab	false	false	false	false	false	false	false
aaaaabbaba	false	false	false	false	false	false	false
aaaaabbabb	false	false	false	false	false	false	false
aaaaabbbaa	false	false	false	false	false	false	false
aaaaabbbab	false	false	false	false	false	false	false
aaaaabbbba	false	false	false	false	false	false	false
aaaaabbbbb	false	false	false	false	false	false	false
aaaabaaaaa	false	false	false	false	false	false	false
aaaabaaaab	false	false	false	false	false	false	false
aaaabaaaba	false	false	false	false	false	false	false
aaaabaaabb	false	false	false	false	false	false	false
aaaabaabaa	false	false	false	false	false	false	false
aaaabaabab	false	false	false	false	false	false	false
aaaabaabba	false	false	false	false	false	false	false
aaaabaabbb	false	false	false	false	false	false	false
aaaababaaa	false	false	false	false	false	false	false
aaaababaab	false	false	false	false	false	false	false
aaaabababa	false	false	false	false	false	false	false
aaaabababb	false	false	false	false	false	false	false
aaaababbaa	false	false	false	false	false	false	false
aaaababbab	false	false	false	false	false	false	false
aaaababbba	false	false	false	false	false	false	false
aaaababbbb	false	false	false	false	false	false	false
aaaabbaaaa	false	false	false	false	false	false	false
aaaabbaaab	false	false	false	false	false	false	false
aaaabbaaba	false	false	false	false	false	false	false
aaaabbaabb	false	false	false	false	false	false	false
aaaabbabaa	false	false	false	false	false	false	false
aaaabbabab	false	false	false	false	false	false	false
aaaabbabba	false	false	false	false	false	false	false
aaaabbabbb	false	false	false	false	false	false	false
aaaabbbaaa	false	false	false	false	false	false	false
aaaabbbaab	false	false	false	false	false	false	false
aaaabbbaba	false	false	false	false	false	false	false
aaaabbbabb	false	false	false	false	false	false	false
aaaabbbbaa	false	false	false	false	false	false	false
aaaabbbbab	false	false	false	false	false	false	false
aaaabbbbba	false	false	false	false	false	false	false
aaaabbbbbb	false	false	false	false	false	false	false
aaabaaaaaa	false	false	false	false	false	false	false
aaabaaaaab	false	false	false	false	false	false	false
aaabaaaaba	false	false	false	false	false	false	false
aaabaaaabb	false	false	false	false	false	false	false
aaabaaabaa	false	false	false	false	false	false	false
aaabaaabab	false	false	false	false	false	false	false
aaabaaabba	false	false	false	false	false	false	false
aaabaaabbb	false	false	false	false	false	false	false
aaabaabaaa	false	false	false	false	false	false	false
aaabaabaab	false	false	false	false	false	false	false
aaabaababa	false	false	false	false	false	false	false
aaabaababb	false	false	false	false	false	false	false
aaabaabbaa	false	false	false	false	false	false	false
aaabaabbab	false	false	false	false	false	false	false
aaabaabbba	false	false	false	false	false	false	false
aaabaabbbb	false	false	false	false	false	false	false
aaababaaaa	false	false	false	false	false	false	false
aaababaaab	false	false	false	false	false	false	false
aaababaaba	false	false	false	false	false	false	false
aaababaabb	false	false	false	false	false	false	false
aaabababaa	false	false	false	false	false	false	false
aaabababab	false	false	false	false	false	false	false
aaabababba	false	false	false	false	false	false	false
aaabababbb	false	false	false	false	false	false	false
aaababbaaa	false	false	false	false	false	false	false
aaababbaab	false	false	false	false	false	false	false
aaababbaba	false	false	false	false	false	false	false
aaababbabb	false	false	false	false	false	false	false
aaababbbaa	false	false	false	false	false	false	false
aaababbbab	false	false	false	false	false	false	false
aaababbbba	false	false	false	false	false	false	false
aaababbbbb	false	false	false	false	false	false	false
aaabbaaaaa	false	false	false	false	false	false	false
aaabbaaaab	false	false	false	false	false	false	false
aaabbaaaba	false	false	false	false	false	false	false
aaabbaaabb	false	false	false	false	false	false	false
aaabbaabaa	false	false	false	false	false	false	false
aaabbaabab	false	false	false	false	false	false	false
aaabbaabba	false	false	false	false	false	false	false
aaabbaabbb	false	false	false	false	false	false	false
aaabbabaaa	false	false	false	false	false	false	false
aaabbabaab	false	false	false	false	false	false	false
aaabbababa	false	false	false	false	false	false	false
aaabbababb	false	false	false	false	false	false	false
aaabbabbaa	false	false	false	false	false	false	false
aaabbabbab	false	false	false	false	false	false	false
aaabbabbba	false	false	false	false	false	false	false
aaabbabbbb	false	false	false	false	false	false	false
aaabbbaaaa	false	false	false	false	false	false	false
aaabbbaaab	false	false	false	false	false	false	false
aaabbbaaba	false	false	false	false	false	false	false
aaabbbaabb	false	false	false	false	false	false	false
aaabbbabaa	false	false	false	false	false	false	false
aaabbbabab	false	false	false	false	false	false	false
aaabbbabba	false	false	false	false	false	false	false
aaabbbabbb	false	false	false	false	false	false	false
aaabbbbaaa	false	false	false	false	false	false	false
aaabbbbaab	false	false	false	false	false	false	false
aaabbbbaba	false	false	false	false	false	false	false
aaabbbbabb	false	false	false	false	false	false	false
aaabbbbbaa	false	false	false	false	false	false	false
aaabbbbbab	false	false	false	false	false	false	false
aaabbbbbba	false	false	false	false	false	false	false
aaabbbbbbb	false	false	false	false	false	false	false
aabaaaaaaa	false	false	false	false	false	false	false
aabaaaaaab	false	false	false	false	false	false	false
aabaaaaaba	false	false	false	false	false	false	false
aabaaaaabb	false	false	false	false	false	false	false
aabaaaabaa	false	false	false	false	false	false	false
aabaaaabab	false	false	false	false	false	false	false
aabaaaabba	false	false	false	false	false	false	false
aabaaaabbb	false	false	false	false	false	false	false
aabaaabaaa	false	false	false	false	false	false	false
aabaaabaab	false	false	false	false	false	false	false
aabaaababa	false	false	false	false	false	false	false
aabaaababb	false	false	false	false	false	false	false
aabaaabbaa	false	false	false	false	false	false	false
aabaaabbab	false	false	false	false	false	false	false
aabaaabbba	false	false	false	false	false	false	false
aabaaabbbb	false	false	false	false	false	false	false
aabaabaaaa	false	false	false	false	false	false	false
aabaabaaab	false	false	false	false	false	false	false
aabaabaaba	false	false	false	false	false	false	false
aabaabaabb	false	false	false	false	false	false	false
aabaababaa	false	false	false	false	false	false	false
aabaababab	false	false	false	false	false	false	false
aabaababba	false	false	false	false	false	false	false
aabaababbb	false	false	false	false	false	false	false
aabaabbaaa	false	false	false	false	false	false	false
aabaabbaab	false	false	false	false	false	false	false
aabaabbaba	false	false	false	false	false	false	false
aabaabbabb	false	false	false	false	false	false	false
aabaabbbaa	false	false	false	false	false	false	false
aabaabbbab	false	false	false	false	false	false	false
aabaabbbba	false	false	false	false	false	false	false
aabaabbbbb	false	false	false	false	false	false	false
aababaaaaa	false	false	false	false	false	false	false
aababaaaab	false	false	false	false	false	false	false
aababaaaba	false	false	false	false	false	false	false
aababaaabb	false	false	false	false	false	false	false
aababaabaa	false	false	false	false	false	false	false
aababaabab	false	false	false	false	false	false	false
aababaabba	false	false	false	false	false	false	false
aababaabbb	false	false	false	false	false	false	false
aabababaaa	false	false	false	false	false	false	false
aabababaab	false	false	false	false	false	false	false
aababababa	false	false	false	false	false	false	false
aababababb	false	false	false	false	false	false	false
aabababbaa	false	false	false	false	false	false	false
aabababbab	false	false	false	false	false	false	false
aabababbba	false	false	false	false	false	false	false
aabababbbb	false	false	false	false	false	false	false
aababbaaaa	false	false	false	false	false	false	false
aababbaaab	false	false	false	false	false	false	false
aababbaaba	false	false	false	false	false	false	false
aababbaabb	false	false	false	false	false	false	false
aababbabaa	false	false	false	false	false	false	false
aababbabab	false	false	false	false	false	false	false
aababbabba	false	false	false	false	false	false	false
aababbabbb	false	false	false	false	false	false	false
aababbbaaa	false	false	false	false	false	false	false
aababbbaab	false	false	false	false	false	false	false
aababbbaba	false	false	false	false	false	false	false
aababbbabb	false	false	false	false	false	false	false
aababbbbaa	false	false	false	false	false	false	false
aababbbbab	false	false	false	false	false	false	false
aababbbbba	false	false	false	false	false	false	false
aababbbbbb	false	false	false	false	false	false	false
aabbaaaaaa	false	false	false	false	false	false	false
aabbaaaaab	false	false	false	false	false	false	false
aabbaaaaba	false	false	false	false	false	false	false
aabbaaaabb	false	false	false	false	false	false	false
aabbaaabaa	false	false	false	false	false	false	false
aabbaaabab	false	false	false	false	false	false	false
aabbaaabba	false	false	false	false	false	false	false
aabbaaabbb	false	false	false	false	false	false	false
aabbaabaaa	false	false	false	false	false	false	false
aabbaabaab	false	false	false	false	false	false	false
aabbaababa	false	false	false	false	false	false	false
aabbaababb	false	false	false	false	false	false	false
aabbaabbaa	false	false	false	false	false	false	false
aabbaabbab	false	false	false	false	false	false	false
aabbaabbba	false	false	false	false	false	false	false
aabbaabbbb	false	false	false	false	false	false	false
aabbabaaaa	false	false	false	false	false	false	false
aabbabaaab	false	false	false	false	false	false	false
aabbabaaba	false	false	false	false	false	false	false
aabbabaabb	false	false	false	false	false	false	false
aabbababaa	false	false	false	false	false	false	false
aabbababab	false	false	false	false	false	false	false
aabbababba	false	false	false	false	false	false	false
aabbababbb	false	false	false	false	false	false	false
aabbabbaaa	false	false	false	false	false	false	false
aabbabbaab	false	false	false	false	false	false	false
aabbabbaba	false	false	false	false	false	false	false
aabbabbabb	false	false	false	false	false	false	false
aabbabbbaa	false	false	false	false	false	false	false
aabbabbbab	false	false	false	false	false	false	false
aabbabbbba	false	false	false	false	false	false	false
aabbabbbbb	false	false	false	false	false	false	false
aabbbaaaaa	false	false	false	false	false	false	false
aabbbaaaab	false	false	false	false	false	false	false
aabbbaaaba	false	false	false	false	false	false	false
aabbbaaabb	false	false	false	false	false	false	false
aabbbaabaa	false	false	false	false	false	false	false
aabbbaabab	false	false	false	false	false	false	false
aabbbaabba	false	false	false	false	false	false	false
aabbbaabbb	false	false	false	false	false	false	false
aabbbabaaa	false	false	false	false	false	false	false
aabbbabaab	false	false	false	false	false	false	false
aabbbababa	false	false	false	false	false	false	false
aabbbababb	false	false	false	false	false	false	false
aabbbabbaa	false	false	false	false	false	false	false
aabbbabbab	false	false	false	false	false	false	false
aabbbabbba	false	false	false	false	false	false	false
aabbbabbbb	false	false	false	false	false	false	false
aabbbbaaaa	false	false	false	false	false	false	false
aabbbbaaab	false	false	false	false	false	false	false
aabbbbaaba	false	false	false	false	false	false	false
aabbbbaabb	false	false	false	false	false	false	false
aabbbbabaa	false	false	false	false	false	false	false
aabbbbabab	false	false	false	false	false	false	false
aabbbbabba	false	false	false	false	false	false	false
aabbbbabbb	false	false	false	false	false	false	false
aabbbbbaaa	false	false	false	false	false	false	false
aabbbbbaab	false	false	false	false	false	false	false
aabbbbbaba	false	false	false	false	false	false	false
aabbbbbabb	false	false	false	false	false	false	false
aabbbbbbaa	false	false	false	false	false	false	false
aabbbbbbab	false	false	false	false	false	false	false
aabbbbbbba	false	false	false	false	false	false	false
aabbbbbbbb	false	false	false	false	false	false	false
abaaaaaaaa	false	false	false	false	false	false	false
abaaaaaaab	false	false	false	false	false	false	false
abaaaaaaba	false	false	false	false	false	false	false
abaaaaaabb	false	false	false	false	false	false	false
abaaaaabaa	false	false	false	false	false	false	false
abaaaaabab	false	false	false	false	false	false	false
abaaaaabba	false	false	false	false	false	false	false
abaaaaabbb	false	false	false	false	false	false	false
abaaaabaaa	false	false	false	false	false	false	false
abaaaabaab	false	false	false	false	false	false	false
abaaaababa	false	false	false	false	false	false	false
abaaaababb	false	false	false	false	false	false	false
abaaaabbaa	false	false	false	false	false	false	false
abaaaabbab	false	false	false	false	false	false	false
abaaaabbba	false	false	false	false	false	false	false
abaaaabbbb	false	false	false	false	false	false	false
abaaabaaaa	false	false	false	false	false	false	false
abaaabaaab	false	false	false	false	false	false	false
abaaabaaba	false	false	false	false	false	false	false
abaaabaabb	false	false	false	false	false	false	false
abaaababaa	false	false	false	false	false	false	false
abaaababab	false	false	false	false	false	false	false
abaaababba	false	false	false	false	false	false	false
abaaababbb	false	false	false	false	false	false	false
abaaabbaaa	false	false	false	false	false	false	false
abaaabbaab	false	false	false	false	false	false	false
abaaabbaba	false	false	false	false	false	false	false
abaaabbabb	false	false	false	false	false	false	false
abaaabbbaa	false	false	false	false	false	false	false
abaaabbbab	false	false	false	false	false	false	false
abaaabbbba	false	false	false	false	false	false	false
abaaabbbbb	false	false	false	false	false	false	false
abaabaaaaa	false	false	false	false	false	false	false
abaabaaaab	false	false	false	false	false	false	false
abaabaaaba	false	false	false	false	false	false	false
abaabaaabb	false	false	false	false	false	false	false
abaabaabaa	false	false	false	false	false	false	false
abaabaabab	false	false	false	false	false	false	false
abaabaabba	false	false	false	false	false	false	false
abaabaabbb	false	false	false	false	false	false	false
abaababaaa	false	false	false	false	false	false	false
abaababaab	false	false	false	false	false	false	false
abaabababa	false	false	false	false	false	false	false
abaabababb	false	false	false	false	false	false	false
abaababbaa	false	false	false	false	false	false	false
abaababbab	false	false	false	false	false	false	false
abaababbba	false	false	false	false	false	false	false
abaababbbb	false	false	false	false	false	false	false
abaabbaaaa	false	false	false	false	false	false	false
abaabbaaab	false	false	false	false	false	false	false
abaabbaaba	false	false	false	false	false	false	false
abaabbaabb	false	false	false	false	false	false	false
abaabbabaa	false	false	false	false	false	false	false
abaabbabab	false	false	false	false	false	false	false
abaabbabba	false	false	false	false	false	false	false
abaabbabbb	false	false	false	false	false	false	false
abaabbbaaa	false	false	false	false	false	false	false
abaabbbaab	false	false	false	false	false	false	false
abaabbbaba	false	false	false	false	false	false	false
abaabbbabb	false	false	false	false	false	false	false
abaabbbbaa	false	false	false	false	false	false	false
abaabbbbab	false	false	false	false	false	false	false
abaabbbbba	false	false	false	false	false	false	false
abaabbbbbb	false	false	false	false	false	false	false
ababaaaaaa	false	false	false	false	false	false	false
ababaaaaab	false	false	false	false	false	false	false
ababaaaaba	false	false	false	false	false	false	false
ababaaaabb	false	false	false	false	false	false	false
ababaaabaa	false	false	false	false	false	false	false
ababaaabab	false	false	false	false	false	false	false
ababaaabba	false	false	false	false	false	false	false
ababaaabbb	false	false	false	false	false	false	false
ababaabaaa	false	false	false	false	false	false	false
ababaabaab	false	false	false	false	false	false	false
ababaababa	false	false	false	false	false	false	false
ababaababb	false	false	false	false	false	false	false
ababaabbaa	false	false	false	false	false	false	false
ababaabbab	false	false	false	false	false	false	false
ababaabbba	false	false	false	false	false	false	false
ababaabbbb	false	false	false	false	false	false	false
abababaaaa	false	false	false	false	false	false	false
abababaaab	false	false	false	false	false	false	false
abababaaba	false	false	false	false	false	false	false
abababaabb	false	false	false	false	false	false	false
ababababaa	false	false	false	false	false	false	false
ababababab	false	false	false	false	false	false	false
ababababba	false	false	false	false	false	false	false
ababababbb	false	false	false	false	false	false	false
abababbaaa	false	false	false	false	false	false	false
abababbaab	false	false	false	false	false	false	false
abababbaba	false	false	false	false	false	false	false
abababbabb	false	false	false	false	false	false	false
abababbbaa	false	false	false	false	false	false	false
abababbbab	false	false	false	false	false	false	false
abababbbba	false	false	false	false	false	false	false
abababbbbb	false	false	false	false	false	false	false
ababbaaaaa	false	false	false	false	false	false	false
ababbaaaab	false	false	false	false	false	false	false
ababbaaaba	false	false	false	false	false	false	false
ababbaaabb	false	false	false	false	false	false	false
ababbaabaa	false	false	false	false	false	false	false
ababbaabab	false	false	false	false	false	false	false
ababbaabba	false	false	false	false	false	false	false
ababbaabbb	false	false	false	false	false	false	false
ababbabaaa	false	false	false	false	false	false	false
ababbabaab	false	false	false	false	false	false	false
ababbababa	false	false	false	false	false	false	false
ababbababb	false	false	false	false	false	false	false
ababbabbaa	false	false	false	false	false	false	false
ababbabbab	false	false	false	false	false	false	false
ababbabbba	false	false	false	false	false	false	false
ababbabbbb	false	false	false	false	false	false	false
ababbbaaaa	false	false	false	false	false	false	false
ababbbaaab	false	false	false	false	false	false	false
ababbbaaba	false	false	false	false	false	false	false
ababbbaabb	false	false	false	false	false	false	false
ababbbabaa	false	false	false	false	false	false	false
ababbbabab	false	false	false	false	false	false	false
ababbbabba	false	false	false	false	false	false	false
ababbbabbb	false	false	false	false	false	false	false
ababbbbaaa	false	false	false	false	false	false	false
ababbbbaab	false	false	false	false	false	false	false
ababbbbaba	false	false	false	false	false	false	false
ababbbbabb	false	false	false	false	false	false	false
ababbbbbaa	false	false	false	false	false	false	false
ababbbbbab	false	false	false	false	false	false	false
ababbbbbba	false	false	false	false	false	false	false
ababbbbbbb	false	false	false	false	false	false	false
abbaaaaaaa	false	false	false	false	false	false	false
abbaaaaaab	false	false	false	false	false	false	false
abbaaaaaba	false	false	false	false	false	false	false
abbaaaaabb	false	false	false	false	false	false	false
abbaaaabaa	false	false	false	false	false	false	false
abbaaaabab	false	false	false	false	false	false	false
abbaaaabba	false	false	false	false	false	false	false
abbaaaabbb	false	false	false	false	false	false	false
abbaaabaaa	false	false	false	false	false	false	false
abbaaabaab	false	false	false	false	false	false	false
abbaaababa	false	false	false	false	false	false	false
abbaaababb	false	false	false	false	false	false	false
abbaaabbaa	false	false	false	false	false	false	false
abbaaabbab	false	false	false	false	false	false	false
abbaaabbba	false	false	false	false	false	false	false
abbaaabbbb	false	false	false	false	false	false	false
abbaabaaaa	false	false	false	false	false	false	false
abbaabaaab	false	false	false	false	false	false	false
abbaabaaba	false	false	false	false	false	false	false
abbaabaabb	false	false	false	false	false	false	false
abbaababaa	false	false	false	false	false	false	false
abbaababab	false	false	false	false	false	false	false
abbaababba	false	false	false	false	false	false	false
abbaababbb	false	false	false	false	false	false	false
abbaabbaaa	false	false	false	false	false	false	false
abbaabbaab	false	false	false	false	false	false	false
abbaabbaba	false	false	false	false	false	false	false
abbaabbabb	false	false	false	false	false	false	false
abbaabbbaa	false	false	false	false	false	false	false
abbaabbbab	false	false	false	false	false	false	false
abbaabbbba	false	false	false	false	false	false	false
abbaabbbbb	false	false	false	false	false	false	false
abbabaaaaa	false	false	false	false	false	false	false
abbabaaaab	false	false	false	false	false	false	false
abbabaaaba	false	false	false	false	false	false	false
abbabaaabb	false	false	false	false	false	false	false
abbabaabaa	false	false	false	false	false	false	false
abbabaabab	false	false	false	false	false	false	false
abbabaabba	false	false	false	false	false	false	false
abbabaabbb	false	false	false	false	false	false	false
abbababaaa	false	false	false	false	false	false	false
abbababaab	false	false	false	false	false	false	false
abbabababa	false	false	false	false	false	false	false
abbabababb	false	false	false	false	false	false	false
abbababbaa	false	false	false	false	false	false	false
abbababbab	false	false	false	false	false	false	false
abbababbba	false	false	false	false	false	false	false
abbababbbb	false	false	false	false	false	false	false
abbabbaaaa	false	false	false	false	false	false	false
abbabbaaab	false	false	false	false	false	false	false
abbabbaaba	false	false	false	false	false	false	false
abbabbaabb	false	false	false	false	false	false	false
abbabbabaa	false	false	false	false	false	false	false
abbabbabab	false	false	false	false	false	false	false
abbabbabba	false	false	false	false	false	false	false
abbabbabbb	false	false	false	false	false	false	false
abbabbbaaa	false	false	false	false	false	false	false
abbabbbaab	false	false	false	false	false	false	false
abbabbbaba	false	false	false	false	false	false	false
abbabbbabb	false	false	false	false	false	false	false
abbabbbbaa	false	false	false	false	false	false	false
abbabbbbab	false	false	false	false	false	false	false
abbabbbbba	false	false	false	false	false	false	false
abbabbbbbb	false	false	false	false	false	false	false
abbbaaaaaa	false	false	false	false	false	false	false
abbbaaaaab	false	false	false	false	false	false	false
abbbaaaaba	false	false	false	false	false	false	false
abbbaaaabb	false	false	false	false	false	false	false
abbbaaabaa	false	false	false	false	false	false	false
abbbaaabab	false	false	false	false	false	false	false
abbbaaabba	false	false	false	false	false	false	false
abbbaaabbb	false	false	false	false	false	false	false
abbbaabaaa	false	false	false	false	false	false	false
abbbaabaab	false	false	false	false	false	false	false
abbbaababa	false	false	false	false	false	false	false
abbbaababb	false	false	false	false	false	false	false
abbbaabbaa	false	false	false	false	false	false	false
abbbaabbab	false	false	false	false	false	false	false
abbbaabbba	false	false	false	false	false	false	false
abbbaabbbb	false	false	false	false	false	false	false
abbbabaaaa	false	false	false	false	false	false	false
abbbabaaab	false	false	false	false	false	false	false
abbbabaaba	false	false	false	false	false	false	false
abbbabaabb	false	false	false	false	false	false	false
abbbababaa	false	false	false	false	false	false	false
abbbababab	false	false	false	false	false	false	false
abbbababba	false	false	false	false	false	false	false
abbbababbb	false	false	false	false	false	false	false
abbbabbaaa	false	false	false	false	false	false	false
abbbabbaab	false	false	false	false	false	false	false
abbbabbaba	false	false	false	false	false	false	false
abbbabbabb	false	false	false	false	false	false	false
abbbabbbaa	false	false	false	false	false	false	false
abbbabbbab	false	false	false	false	false	false	false
abbbabbbba	false	false	false	false	false	false	false
abbbabbbbb	false	false	false	false	false	false	false
abbbbaaaaa	false	false	false	false	false	false	false
abbbbaaaab	false	false	false	false	false	false	false
abbbbaaaba	false	false	false	false	false	false	false
abbbbaaabb	false	false	false	false	false	false	false
abbbbaabaa	false	false	false	false	false	false	false
abbbbaabab	false	false	false	false	false	false	false
abbbbaabba	false	false	false	false	false	false	false
abbbbaabbb	false	false	false	false	false	false	false
abbbbabaaa	false	false	false	false	false	false	false
abbbbabaab	false	false	false	false	false	false	false
abbbbababa	false	false	false	false	false	false	false
abbbbababb	false	false	false	false	false	false	false
abbbbabbaa	false	false	false	false	false	false	false
abbbbabbab	false	false	false	false	false	false	false
abbbbabbba	false	false	false	false	false	false	false
abbbbabbbb	false	false	false	false	false	false	false
abbbbbaaaa	false	false	false	false	false	false	false
abbbbbaaab	false	false	false	false	false	false	false
abbbbbaaba	false	false	false	false	false	false	false
abbbbbaabb	false	false	false	false	false	false	false
abbbbbabaa	false	false	false	false	false	false	false
abbbbbabab	false	false	false	false	false	false	false
abbbbbabba	false	false	false	false	false	false	false
abbbbbabbb	false	false	false	false	false	false	false
abbbbbbaaa	false	false	false	false	false	false	false
abbbbbbaab	false	false	false	false	false	false	false
abbbbbbaba	false	false	false	false	false	false	false
abbbbbbabb	false	false	false	false	false	false	false
abbbbbbbaa	false	false	false	false	false	false	false
abbbbbbbab	false	false	false	false	false	false	false
abbbbbbbba	false	false	false	false	false	false	false
abbbbbbbbb	false	false	false	false	false	false	false
baaaaaaaaa	false	false	false	false	false	false	false
baaaaaaaab	false	false	false	false	false	false	false
baaaaaaaba	false	false	false	false	false	false	false
baaaaaaabb	false	false	false	false	false	false	false
baaaaaabaa	false	false	false	false	false	false	false
baaaaaabab	false	false	false	false	false	false	false
baaaaaabba	false	false	false	false	false	false	false
baaaaaabbb	false	false	false	false	false	false	false
baaaaabaaa	false	false	false	false	false	false	false
baaaaabaab	false	false	false	false	false	false	false
baaaaababa	false	false	false	false	false	false	false
baaaaababb	false	false	false	false	false	false	false
baaaaabbaa	false	false	false	false	false	false	false
baaaaabbab	false	false	false	false	false	false	false
baaaaabbba	false	false	false	false	false	false	false
baaaaabbbb	false	false	false	false	false	false	false
baaaabaaaa	false	false	false	false	false	false	false
baaaabaaab	false	false	false	false	false	false	false
baaaabaaba	false	false	false	false	false	false	false
baaaabaabb	false	false	false	false	false	false	false
baaaababaa	false	false	false	false	false	false	false
baaaababab	false	false	false	false	false	false	false
baaaababba	false	false	false	false	false	false	false
baaaababbb	false	false	false	false	false	false	false
baaaabbaaa	false	false	false	false	false	false	false
baaaabbaab	false	false	false	false	false	false	false
baaaabbaba	false	false	false	false	false	false	false
baaaabbabb	false	false	false	false	false	false	false
baaaabbbaa	false	false	false	false	false	false	false
baaaabbbab	false	false	false	false	false	false	false
baaaabbbba	false	false	false	false	false	false	false
baaaabbbbb	false	false	false	false	false	false	false
baaabaaaaa	false	false	false	false	false	false	false
baaabaaaab	false	false	false	false	false	false	false
baaabaaaba	false	false	false	false	false	false	false
baaabaaabb	false	false	false	false	false	false	false
baaabaabaa	false	false	false	false	false	false	false
baaabaabab	false	false	false	false	false	false	false
baaabaabba	false	false	false	false	false	false	false
baaabaabbb	false	false	false	false	false	false	false
baaababaaa	false	false	false	false	false	false	false
baaababaab	false	false	false	false	false	false	false
baaabababa	false	false	false	false	false	false	false
baaabababb	false	false	false	false	false	false	false
baaababbaa	false	false	false	false	false	false	false
baaababbab	false	false	false	false	false	false	false
baaababbba	false	false	false	false	false	false	false
baaababbbb	false	false	false	false	false	false	false
baaabbaaaa	false	false	false	false	false	false	false
baaabbaaab	false	false	false	false	false	false	false
baaabbaaba	false	false	false	false	false	false	false
baaabbaabb	false	false	false	false	false	false	false
baaabbabaa	false	false	false	false	false	false	false
baaabbabab	false	false	false	false	false	false	false
baaabbabba	false	false	false	false	false	false	false
baaabbabbb	false	false	false	false	false	false	false
baaabbbaaa	false	false	false	false	false	false	false
baaabbbaab	false	false	false	false	false	false	false
baaabbbaba	false	false	false	false	false	false	false
baaabbbabb	false	false	false	false	false	false	false
baaabbbbaa	false	false	false	false	false	false	false
baaabbbbab	false	false	false	false	false	false	false
baaabbbbba	false	false	false	false	false	false	false
baaabbbbbb	false	false	false	false	false	false	false
baabaaaaaa	false	false	false	false	false	false	false
baabaaaaab	false	false	false	false	false	false	false
baabaaaaba	false	false	false	false	false	false	false
baabaaaabb	false	false	false	false	false	false	false
baabaaabaa	false	false	false	false	false	false	false
baabaaabab	false	false	false	false	false	false	false
baabaaabba	false	false	false	false	false	false	false
baabaaabbb	false	false	false	false	false	false	false
baabaabaaa	false	false	false	false	false	false	false
baabaabaab	false	false	false	false	false	false	false
baabaababa	false	false	false	false	false	false	false
baabaababb	false	false	false	false	false	false	false
baabaabbaa	false	false	false	false	false	false	false
baabaabbab	false	false	false	false	false	false	false
baabaabbba	false	false	false	false	false	false	false
baabaabbbb	false	false	false	false	false	false	false
baababaaaa	false	false	false	false	false	false	false
baababaaab	false	false	false	false	false	false	false
baababaaba	false	false	false	false	false	false	false
baababaabb	false	false	false	false	false	false	false
baabababaa	false	false	false	false	false	false	false
baabababab	false	false	false	false	false	false	false
baabababba	false	false	false	false	false	false	false
baabababbb	false	false	false	false	false	false	false
baababbaaa	false	false	false	false	false	false	false
baababbaab	false	false	false	false	false	false	false
baababbaba	false	false	false	false	false	false	false
baababbabb	false	false	false	false	false	false	false
baababbbaa	false	false	false	false	false	false	false
baababbbab	false	false	false	false	false	false	false
baababbbba	false	false	false	false	false	false	false
baababbbbb	false	false	false	false	false	false	false
baabbaaaaa	false	false	false	false	false	false	false
baabbaaaab	false	false	false	false	false	false	false
baabbaaaba	false	false	false	false	false	false	false
baabbaaabb	false	false	false	false	false	false	false
baabbaabaa	false	false	false	false	false	false	false
baabbaabab	false	false	false	false	false	false	false
baabbaabba	false	false	false	false	false	false	false
baabbaabbb	false	false	false	false	false	false	false
baabbabaaa	false	false	false	false	false	false	false
baabbabaab	false	false	false	false	false	false	false
baabbababa	false	false	false	false	false	false	false
baabbababb	false	false	false	false	false	false	false
baabbabbaa	false	false	false	false	false	false	false
baabbabbab	false	false	false	false	false	false	false
baabbabbba	false	false	false	false	false	false	false
baabbabbbb	false	false	false	false	false	false	false
baabbbaaaa	false	false	false	false	false	false	false
baabbbaaab	false	false	false	false	false	false	false
baabbbaaba	false	false	false	false	false	false	false
baabbbaabb	false	false	false	false	false	false	false
baabbbabaa	false	false	false	false	false	false	false
baabbbabab	false	false	false	false	false	false	false
baabbbabba	false	false	false	false	false	false	false
baabbbabbb	false	false	false	false	false	false	false
baabbbbaaa	false	false	false	false	false	false	false
baabbbbaab	false	false	false	false	false	false	false
baabbbbaba	false	false	false	false	false	false	false
baabbbbabb	false	false	false	false	false	false	false
baabbbbbaa	false	false	false	false	false	false	false
baabbbbbab	false	false	false	false	false	false	false
baabbbbbba	false	false	false	false	false	false	false
baabbbbbbb	false	false	false	false	false	false	false
babaaaaaaa	false	false	false	false	false	false	false
babaaaaaab	false	false	false	false	false	false	false
babaaaaaba	false	false	false	false	false	false	false
babaaaaabb	false	false	false	false	false	false	false
babaaaabaa	false	false	false	false	false	false	false
babaaaabab	false	false	false	false	false	false	false
babaaaabba	false	false	false	false	false	false	false
babaaaabbb	false	false	false	false	false	false	false
babaaabaaa	false	false	false	false	false	false	false
babaaabaab	false	false	false	false	false	false	false
babaaababa	false	false	false	false	false	false	false
babaaababb	false	false	false	false	false	false	false
babaaabbaa	false	false	false	false	false	false	false
babaaabbab	false	false	false	false	false	false	false
babaaabbba	false	false	false	false	false	false	false
babaaabbbb	false	false	false	false	false	false	false
babaabaaaa	false	false	false	false	false	false	false
babaabaaab	false	false	false	false	false	false	false
babaabaaba	false	false	false	false	false	false	false
babaabaabb	false	false	false	false	false	false	false
babaababaa	false	false	false	false	false	false	false
babaababab	false	false	false	false	false	false	false
babaababba	false	false	false	false	false	false	false
babaababbb	false	false	false	false	false	false	false
babaabbaaa	false	false	false	false	false	false	false
babaabbaab	false	false	false	false	false	false	false
babaabbaba	false	false	false	false	false	false	false
babaabbabb	false	false	false	false	false	false	false
babaabbbaa	false	false	false	false	false	false	false
babaabbbab	false	false	false	false	false	false	false
babaabbbba	false	false	false	false	false	false	false
babaabbbbb	false	false	false	false	false	false	false
bababaaaaa	false	false	false	false	false	false	false
bababaaaab	false	false	false	false	false	false	false
bababaaaba	false	false	false	false	false	false	false
bababaaabb	false	false	false	false	false	false	false
bababaabaa	false	false	false	false	false	false	false
bababaabab	false	false	false	false	false	false	false
bababaabba	false	false	false	false	false	false	false
bababaabbb	false	false	false	false	false	false	false
babababaaa	false	false	false	false	false	false	false
babababaab	false	false	false	false	false	false	false
bababababa	false	false	false	false	false	false	false
bababababb	false	false	false	false	false	false	false
babababbaa	false	false	false	false	false	false	false
babababbab	false	false	false	false	false	false	false
babababbba	false	false	false	false	false	false	false
babababbbb	false	false	false	false	false	false	false
bababbaaaa	false	false	false	false	false	false	false
bababbaaab	false	false	false	false	false	false	false
bababbaaba	false	false	false	false	false	false	false
bababbaabb	false	false	false	false	false	false	false
bababbabaa	false	false	false	false	false	false	false
bababbabab	false	false	false	false	false	false	false
bababbabba	false	false	false	false	false	false	false
bababbabbb	false	false	false	false	false	false	false
bababbbaaa	false	false	false	false	false	false	false
bababbbaab	false	false	false	false	false	false	false
bababbbaba	false	false	false	false	false	false	false
bababbbabb	false	false	false	false	false	false	false
bababbbbaa	false	false	false	false	false	false	false
bababbbbab	false	false	false	false	false	false	false
bababbbbba	false	false	false	false	false	false	false
bababbbbbb	false	false	false	false	false	false	false
babbaaaaaa	false	false	false	false	false	false	false
babbaaaaab	false	false	false	false	false	false	false
babbaaaaba	false	false	false	false	false	false	false
babbaaaabb	false	false	false	false	false	false	false
babbaaabaa	false	false	false	false	false	false	false
babbaaabab	false	false	false	false	false	false	false
babbaaabba	false	false	false	false	false	false	false
babbaaabbb	false	false	false	false	false	false	false
babbaabaaa	false	false	false	false	false	false	false
babbaabaab	false	false	false	false	false	false	false
babbaababa	false	false	false	false	false	false	false
babbaababb	false	false	false	false	false	false	false
babbaabbaa	false	false	false	false	false	false	false
babbaabbab	false	false	false	false	false	false	false
babbaabbba	false	false	false	false	false	false	false
babbaabbbb	false	false	false	false	false	false	false
babbabaaaa	false	false	false	false	false	false	false
babbabaaab	false	false	false	false	false	false	false
babbabaaba	false	false	false	false	false	false	false
babbabaabb	false	false	false	false	false	false	false
babbababaa	false	false	false	false	false	false	false
babbababab	false	false	false	false	false	false	false
babbababba	false	false	false	false	false	false	false
babbababbb	false	false	false	false	false	false	false
babbabbaaa	false	false	false	false	false	false	false
babbabbaab	false	false	false	false	false	false	false
babbabbaba	false	false	false	false	false	false	false
babbabbabb	false	false	false	false	false	false	false
babbabbbaa	false	false	false	false	false	false	false
babbabbbab	false	false	false	false	false	false	false
babbabbbba	false	false	false	false	false	false	false
babbabbbbb	false	false	false	false	false	false	false
babbbaaaaa	false	false	false	false	false	false	false
babbbaaaab	false	false	false	false	false	false	false
babbbaaaba	false	false	false	false	false	false	false
babbbaaabb	false	false	false	false	false	false	false
babbbaabaa	false	false	false	false	false	false	false
babbbaabab	false	false	false	false	false	false	false
babbbaabba	false	false	false	false	false	false	false
babbbaabbb	false	false	false	false	false	false	false
babbbabaaa	false	false	false	false	false	false	false
babbbabaab	false	false	false	false	false	false	false
babbbababa	false	false	false	false	false	false	false
babbbababb	false	false	false	false	false	false	false
babbbabbaa	false	false	false	false	false	false	false
babbbabbab	false	false	false	false	false	false	false
babbbabbba	false	false	false	false	false	false	false
babbbabbbb	false	false	false	false	false	false	false
babbbbaaaa	false	false	false	false	false	false	false
babbbbaaab	false	false	false	false	false	false	false
babbbbaaba	false	false	false	false	false	false	false
babbbbaabb	false	false	false	false	false	false	false
babbbbabaa	false	false	false	false	false	false	false
babbbbabab	false	false	false	false	false	false	false
babbbbabba	false	false	false	false	false	false	false
babbbbabbb	false	false	false	false	false	false	false
babbbbbaaa	false	false	false	false	false	false	false
babbbbbaab	false	false	false	false	false	false	false
babbbbbaba	false	false	false	false	false	false	false
babbbbbabb	false	false	false	false	false	false	false
babbbbbbaa	false	false	false	false	false	false	false
babbbbbbab	false	false	false	false	false	false	false
babbbbbbba	false	false	false	false	false	false	false
babbbbbbbb	false	false	false	false	false	false	false
bbaaaaaaaa	false	false	false	false	false	false	false
bbaaaaaaab	false	false	false	false	false	false	false
bbaaaaaaba	false	false	false	false	false	false	false
bbaaaaaabb	false	false	false	false	false	false	false
bbaaaaabaa	false	false	false	false	false	false	false
bbaaaaabab	false	false	false	false	false	false	false
bbaaaaabba	false	false	false	false	false	false	false
bbaaaaabbb	false	false	false	false	false	false	false
bbaaaabaaa	false	false	false	false	false	false	false
bbaaaabaab	false	false	false	false	false	false	false
bbaaaababa	false	false	false	false	false	false	false
bbaaaababb	false	false	false	false	false	false	false
bbaaaabbaa	false	false	false	false	false	false	false
bbaaaabbab	false	false	false	false	false	false	false
bbaaaabbba	false	false	false	false	false	false	false
bbaaaabbbb	false	false	false	false	false	false	false
bbaaabaaaa	false	false	false	false	false	false	false
bbaaabaaab	false	false	false	false	false	false	false
bbaaabaaba	false	false	false	false	false	false	false
bbaaabaabb	false	false	false	false	false	false	false
bbaaababaa	false	false	false	false	false	false	false
bbaaababab	false	false	false	false	false	false	false
bbaaababba	false	false	false	false	false	false	false
bbaaababbb	false	false	false	false	false	false	false
bbaaabbaaa	false	false	false	false	false	false	false
bbaaabbaab	false	false	false	false	false	false	false
bbaaabbaba	false	false	false	false	false	false	false
bbaaabbabb	false	false	false	false	false	false	false
bbaaabbbaa	false	false	false	false	false	false	false
bbaaabbbab	false	false	false	false	false	false	false
bbaaabbbba	false	false	false	false	false	false	false
bbaaabbbbb	false	false	false	false	false	false	false
bbaabaaaaa	false	false	false	false	false	false	false
bbaabaaaab	false	false	false	false	false	false	false
bbaabaaaba	false	false	false	false	false	false	false
bbaabaaabb	false	false	false	false	false	false	false
bbaabaabaa	false	false	false	false	false	false	false
bbaabaabab	false	false	false	false	false	false	false
bbaabaabba	false	false	false	false	false	false	false
bbaabaabbb	false	false	false	false	false	false	false
bbaababaaa	false	false	false	false	false	false	false
bbaababaab	false	false	false	false	false	false	false
bbaabababa	false	false	false	false	false	false	false
bbaabababb	false	false	false	false	false	false	false
bbaababbaa	false	false	false	false	false	false	false
bbaababbab	false	false	false	false	false	false	false
bbaababbba	false	false	false	false	false	false	false
bbaababbbb	false	false	false	false	false	false	false
bbaabbaaaa	false	false	false	false	false	false	false
bbaabbaaab	false	false	false	false	false	false	false
bbaabbaaba	false	false	false	false	false	false	false
bbaabbaabb	false	false	false	false	false	false	false
bbaabbabaa	false	false	false	false	false	false	false
bbaabbabab	false	false	false	false	false	false	false
bbaabbabba	false	false	false	false	false	false	false
bbaabbabbb	false	false	false	false	false	false	false
bbaabbbaaa	false	false	false	false	false	false	false
bbaabbbaab	false	false	false	false	false	false	false
bbaabbbaba	false	false	false	false	false	false	false
bbaabbbabb	false	false	false	false	false	false	false
bbaabbbbaa	false	false	false	false	false	false	false
bbaabbbbab	false	false	false	false	false	false	false
bbaabbbbba	false	false	false	false	false	false	false
bbaabbbbbb	false	false	false	false	false	false	false
bbabaaaaaa	false	false	false	false	false	false	false
bbabaaaaab	false	false	false	false	false	false	false
bbabaaaaba	false	false	false	false	false	false	false
bbabaaaabb	false	false	false	false	false	false	false
bbabaaabaa	false	false	false	false	false	false	false
bbabaaabab	false	false	false	false	false	false	false
bbabaaabba	false	false	false	false	false	false	false
bbabaaabbb	false	false	false	false	false	false	false
bbabaabaaa	false	false	false	false	false	false	false
bbabaabaab	false	false	false	false	false	false	false
bbabaababa	false	false	false	false	false	false	false
bbabaababb	false	false	false	false	false	false	false
bbabaabbaa	false	false	false	false	false	false	false
bbabaabbab	false	false	false	false	false	false	false
bbabaabbba	false	false	false	false	false	false	false
bbabaabbbb	false	false	false	false	false	false	false
bbababaaaa	false	false	false	false	false	false	false
bbababaaab	false	false	false	false	false	false	false
bbababaaba	false	false	false	false	false	false	false
bbababaabb	false	false	false	false	false	false	false
bbabababaa	false	false	false	false	false	false	false
bbabababab	false	false	false	false	false	false	false
bbabababba	false	false	false	false	false	false	false
bbabababbb	false	false	false	false	false	false	false
bbababbaaa	false	false	false	false	false	false	false
bbababbaab	false	false	false	false	false	false	false
bbababbaba	false	false	false	false	false	false	false
bbababbabb	false	false	false	false	false	false	false
bbababbbaa	false	false	false	false	false	false	false
bbababbbab	false	false	false	false	false	false	false
bbababbbba	false	false	false	false	false	false	false
bbababbbbb	false	false	false	false	false	false	false
bbabbaaaaa	false	false	false	false	false	false	false
bbabbaaaab	false	false	false	false	false	false	false
bbabbaaaba	false	false	false	false	false	false	false
bbabbaaabb	false	false	false	false	false	false	false
bbabbaabaa	false	false	false	false	false	false	false
bbabbaabab	false	false	false	false	false	false	false
bbabbaabba	false	false	false	false	false	false	false
bbabbaabbb	false	false	false	false	false	false	false
bbabbabaaa	false	false	false	false	false	false	false
bbabbabaab	false	false	false	false	false	false	false
bbabbababa	false	false	false	false	false	false	false
bbabbababb	false	false	false	false	false	false	false
bbabbabbaa	false	false	false	false	false	false	false
bbabbabbab	false	false	false	false	false	false	false
bbabbabbba	false	false	false	false	false	false	false
bbabbabbbb	false	false	false	false	false	false	false
bbabbbaaaa	false	false	false	false	false	false	false
bbabbbaaab	false	false	false	false	false	false	false
bbabbbaaba	false	false	false	false	false	false	false
bbabbbaabb	false	false	false	false	false	false	false
bbabbbabaa	false	false	false	false	false	false	false
bbabbbabab	false	false	false	false	false	false	false
bbabbbabba	false	false	false	false	false	false	false
bbabbbabbb	false	false	false	false	false	false	false
bbabbbbaaa	false	false	false	false	false	false	false
bbabbbbaab	false	false	false	false	false	false	false
bbabbbbaba	false	false	false	false	false	false	false
bbabbbbabb	false	false	false	false	false	false	false
bbabbbbbaa	false	false	false	false	false	false	false
bbabbbbbab	false	false	false	false	false	false	false
bbabbbbbba	false	false	false	false	false	false	false
bbabbbbbbb	false	false	false	false	false	false	false
bbbaaaaaaa	false	false	false	false	false	false	false
bbbaaaaaab	false	false	false	false	false	false	false
bbbaaaaaba	false	false	false	false	false	false	false
bbbaaaaabb	false	false	false	false	false	false	false
bbbaaaabaa	false	false	false	false	false	false	false
bbbaaaabab	false	false	false	false	false	false	false
bbbaaaabba	false	false	false	false	false	false	false
bbbaaaabbb	false	false	false	false	false	false	false
bbbaaabaaa	false	false	false	false	false	false	false
bbbaaabaab	false	false	false	false	false	false	false
bbbaaababa	false	false	false	false	false	false	false
bbbaaababb	false	false	false	false	false	false	false
bbbaaabbaa	false	false	false	false	false	false	false
bbbaaabbab	false	false	false	false	false	false	false
bbbaaabbba	false	false	false	false	false	false	false
bbbaaabbbb	false	false	false	false	false	false	false
bbbaabaaaa	false	false	false	false	false	false	false
bbbaabaaab	false	false	false	false	false	false	false
bbbaabaaba	false	false	false	false	false	false	false
bbbaabaabb	false	false	false	false	false	false	false
bbbaababaa	false	false	false	false	false	false	false
bbbaababab	false	false	false	false	false	false	false
bbbaababba	false	false	false	false	false	false	false
bbbaababbb	false	false	false	false	false	false	false
bbbaabbaaa	false	false	false	false	false	false	false
bbbaabbaab	false	false	false	false	false	false	false
bbbaabbaba	false	false	false	false	false	false	false
bbbaabbabb	false	false	false	false	false	false	false
bbbaabbbaa	false	false	false	false	false	false	false
bbbaabbbab	false	false	false	false	false	false	false
bbbaabbbba	false	false	false	false	false	false	false
bbbaabbbbb	false	false	false	false	false	false	false
bbbabaaaaa	false	false	false	false	false	false	false
bbbabaaaab	false	false	false	false	false	false	false
bbbabaaaba	false	false	false	false	false	false	false
bbbabaaabb	false	false	false	false	false	false	false
bbbabaabaa	false	false	false	false	false	false	false
bbbabaabab	false	false	false	false	false	false	false
bbbabaabba	false	false	false	false	false	false	false
bbbabaabbb	false	false	false	false	false	false	false
bbbababaaa	false	false	false	false	false	false	false
bbbababaab	false	false	false	false	false	false	false
bbbabababa	false	false	false	false	false	false	false
bbbabababb	false	false	false	false	false	false	false
bbbababbaa	false	false	false	false	false	false	false
bbbababbab	false	false	false	false	false	false	false
bbbababbba	false	false	false	false	false	false	false
bbbababbbb	false	false	false	false	false	false	false
bbbabbaaaa	false	false	false	false	false	false	false
bbbabbaaab	false	false	false	false	false	false	false
bbbabbaaba	false	false	false	false	false	false	false
bbbabbaabb	false	false	false	false	false	false	false
bbbabbabaa	false	false	false	false	false	false	false
bbbabbabab	false	false	false	false	false	false	false
bbbabbabba	false	false	false	false	false	false	false
bbbabbabbb	false	false	false	false	false	false	false
bbbabbbaaa	false	false	false	false	false	false	false
bbbabbbaab	false	false	false	false	false	false	false
bbbabbbaba	false	false	false	false	false	false	false
bbbabbbabb	false	false	false	false	false	false	false
bbbabbbbaa	false	false	false	false	false	false	false
bbbabbbbab	false	false	false	false	false	false	false
bbbabbbbba	false	false	false	false	false	false	false
bbbabbbbbb	false	false	false	false	false	false	false
bbbbaaaaaa	false	false	false	false	false	false	false
bbbbaaaaab	false	false	false	false	false	false	false
bbbbaaaaba	false	false	false	false	false	false	false
bbbbaaaabb	false	false	false	false	false	false	false
bbbbaaabaa	false	false	false	false	false	false	false
bbbbaaabab	false	false	false	false	false	false	false
bbbbaaabba	false	false	false	false	false	false	false
bbbbaaabbb	false	false	false	false	false	false	false
bbbbaabaaa	false	false	false	false	false	false	false
bbbbaabaab	false	false	false	false	false	false	false
bbbbaababa	false	false	false	false	false	false	false
bbbbaababb	false	false	false	false	false	false	false
bbbbaabbaa	false	false	false	false	false	false	false
bbbbaabbab	false	false	false	false	false	false	false
bbbbaabbba	false	false	false	false	false	false	false
bbbbaabbbb	false	false	false	false	false	false	false
bbbbabaaaa	false	false	false	false	false	false	false
bbbbabaaab	false	false	false	false	false	false	false
bbbbabaaba	false	false	false	false	false	false	false
bbbbabaabb	false	false	false	false	false	false	false
bbbbababaa	false	false	false	false	false	false	false
bbbbababab	false	false	false	false	false	false	false
bbbbababba	false	false	false	false	false	false	false
bbbbababbb	false	false	false	false	false	false	false
bbbbabbaaa	false	false	false	false	false	false	false
bbbbabbaab	false	false	false	false	false	false	false
bbbbabbaba	false	false	false	false	false	false	false
bbbbabbabb	false	false	false	false	false	false	false
bbbbabbbaa	false	false	false	false	false	false	false
bbbbabbbab	false	false	false	false	false	false	false
bbbbabbbba	false	false	false	false	false	false	false
bbbbabbbbb	false	false	false	false	false	false	false
bbbbbaaaaa	false	false	false	false	false	false	false
bbbbbaaaab	false	false	false	false	false	false	false
bbbbbaaaba	false	false	false	false	false	false	false
bbbbbaaabb	false	false	false	false	false	false	false
bbbbbaabaa	false	false	false	false	false	false	false
bbbbbaabab	false	false	false	false	false	false	false
bbbbbaabba	false	false	false	false	false	false	false
bbbbbaabbb	false	false	false	false	false	false	false
bbbbbabaaa	false	false	false	false	false	false	false
bbbbbabaab	false	false	false	false	false	false	false
bbbbbababa	false	false	false	false	false	false	false
bbbbbababb	false	false	false	false	false	false	false
bbbbbabbaa	false	false	false	false	false	false	false
bbbbbabbab	false	false	false	false	false	false	false
bbbbbabbba	false	false	false	false	false	false	false
bbbbbabbbb	false	false	false	false	false	false	false
bbbbbbaaaa	false	false	false	false	false	false	false
bbbbbbaaab	false	false	false	false	false	false	false
bbbbbbaaba	false	false	false	false	false	false	false
bbbbbbaabb	false	false	false	false	false	false	false
bbbbbbabaa	false	false	false	false	false	false	false
bbbbbbabab	false	false	false	false	false	false	false
bbbbbbabba	false	false	false	false	false	false	false
bbbbbbabbb	false	false	false	false	false	false	false
bbbbbbbaaa	false	false	false	false	false	false	false
bbbbbbbaab	false	false	false	false	false	false	false
bbbbbbbaba	false	false	false	false	false	false	false
bbbbbbbabb	false	false	false	false	false	false	false
bbbbbbbbaa	false	false	false	false	false	false	false
bbbbbbbbab	false	false	false	false	false	false	false
bbbbbbbbba	false	false	false	false	false	false	false
bbbbbbbbbb	false	false	false	false	false	false	false
