p	x_length	y_length	i	n_after	l	k	in_L29
1	0	1	2	2	1	1	false
2	0	1	2	3	2	2	false
2	0	2	2	4	2	2	false
2	1	1	2	3	2	2	false
3	0	1	2	4	3	3	false
3	0	2	2	5	3	3	false
3	0	3	2	6	3	3	false
3	1	1	2	4	3	3	false
3	1	2	2	5	3	3	false
3	2	1	2	4	3	3	false
4	0	1	2	5	4	4	false
4	0	2	2	6	4	4	false
4	0	3	2	7	4	4	false
4	0	4	2	8	4	4	false
4	1	1	2	5	4	4	false
4	1	2	2	6	4	4	false
4	1	3	2	7	4	4	false
4	2	1	2	5	4	4	false
4	2	2	2	6	4	4	false
4	3	1	2	5	4	4	false
5	0	1	2	6	5	5	false
5	0	2	2	7	5	5	false
5	0	3	2	8	5	5	false
5	0	4	2	9	5	5	false
5	0	5	2	10	5	5	false
5	1	1	2	6	5	5	false
5	1	2	2	7	5	5	false
5	1	3	2	8	5	5	false
5	1	4	2	9	5	5	false
5	2	1	2	6	5	5	false
5	2	2	2	7	5	5	false
5	2	3	2	8	5	5	false
5	3	1	2	6	5	5	false
5	3	2	2	7	5	5	false
5	4	1	2	6	5	5	false
6	0	1	2	7	6	6	false
6	0	2	2	8	6	6	false
6	0	3	2	9	6	6	false
6	0	4	2	10	6	6	false
6	0	5	2	11	6	6	false
6	0	6	2	12	6	6	false
6	1	1	2	7	6	6	false
6	1	2	2	8	6	6	false
6	1	3	2	9	6	6	false
6	1	4	2	10	6	6	false
6	1	5	2	11	6	6	false
6	2	1	2	7	6	6	false
6	2	2	2	8	6	6	false
6	2	3	2	9	6	6	false
6	2	4	2	10	6	6	false
6	3	1	2	7	6	6	false
6	3	2	2	8	6	6	false
6	3	3	2	9	6	6	false
6	4	1	2	7	6	6	false
6	4	2	2	8	6	6	false
6	5	1	2	7	6	6	false
7	0	1	2	8	7	7	false
7	0	2	2	9	7	7	false
7	0	3	2	10	7	7	false
7	0	4	2	11	7	7	false
7	0	5	2	12	7	7	false
7	0	6	2	13	7	7	false
7	0	7	2	14	7	7	false
7	1	1	2	8	7	7	false
7	1	2	2	9	7	7	false
7	1	3	2	10	7	7	false
7	1	4	2	11	7	7	false
7	1	5	2	12	7	7	false
7	1	6	2	13	7	7	false
7	2	1	2	8	7	7	false
7	2	2	2	9	7	7	false
7	2	3	2	10	7	7	false
7	2	4	2	11	7	7	false
7	2	5	2	12	7	7	false
7	3	1	2	8	7	7	false
7	3	2	2	9	7	7	false
7	3	3	2	10	7	7	false
7	3	4	2	11	7	7	false
7	4	1	2	8	7	7	false
7	4	2	2	9	7	7	false
7	4	3	2	10	7	7	false
7	5	1	2	8	7	7	false
7	5	2	2	9	7	7	false
7	6	1	2	8	7	7	false
8	0	1	2	9	8	8	false
8	0	2	2	10	8	8	false
8	0	3	2	11	8	8	false
8	0	4	2	12	8	8	false
8	0	5	2	13	8	8	false
8	0	6	2	14	8	8	false
8	0	7	2	15	8	8	false
8	0	8	2	16	8	8	false
8	1	1	2	9	8	8	false
8	1	2	2	10	8	8	false
8	1	3	2	11	8	8	false
8	1	4	2	12	8	8	false
8	1	5	2	13	8	8	false
8	1	6	2	14	8	8	false
8	1	7	2	15	8	8	false
8	2	1	2	9	8	8	false
8	2	2	2	10	8	8	false
8	2	3	2	11	8	8	false
8	2	4	2	12	8	8	false
8	2	5	2	13	8	8	false
8	2	6	2	14	8	8	false
8	3	1	2	9	8	8	false
8	3	2	2	10	8	8	false
8	3	3	2	11	8	8	false
8	3	4	2	12	8	8	false
8	3	5	2	13	8	8	false
8	4	1	2	9	8	8	false
8	4	2	2	10	8	8	false
8	4	3	2	11	8	8	false
8	4	4	2	12	8	8	false
8	5	1	2	9	8	8	false
8	5	2	2	10	8	8	false
8	5	3	2	11	8	8	false
8	6	1	2	9	8	8	false
8	6	2	2	10	8	8	false
8	7	1	2	9	8	8	false
9	0	1	2	10	9	9	false
9	0	2	2	11	9	9	false
9	0	3	2	12	9	9	false
9	0	4	2	13	9	9	false
9	0	5	2	14	9	9	false
9	0	6	2	15	9	9	false
9	0	7	2	16	9	9	false
9	0	8	2	17	9	9	false
9	0	9	2	18	9	9	false
9	1	1	2	10	9	9	false
9	1	2	2	11	9	9	false
9	1	3	2	12	9	9	false
9	1	4	2	13	9	9	false
9	1	5	2	14	9	9	false
9	1	6	2	15	9	9	false
9	1	7	2	16	9	9	false
9	1	8	2	17	9	9	false
9	2	1	2	10	9	9	false
9	2	2	2	11	9	9	false
9	2	3	2	12	9	9	false
9	2	4	2	13	9	9	false
9	2	5	2	14	9	9	false
9	2	6	2	15	9	9	false
9	2	7	2	16	9	9	false
9	3	1	2	10	9	9	false
9	3	2	2	11	9	9	false
9	3	3	2	12	9	9	false
9	3	4	2	13	9	9	false
9	3	5	2	14	9	9	false
9	3	6	2	15	9	9	false
9	4	1	2	10	9	9	false
9	4	2	2	11	9	9	false
9	4	3	2	12	9	9	false
9	4	4	2	13	9	9	false
9	4	5	2	14	9	9	false
9	5	1	2	10	9	9	false
9	5	2	2	11	9	9	false
9	5	3	2	12	9	9	false
9	5	4	2	13	9	9	false
9	6	1	2	10	9	9	false
9	6	2	2	11	9	9	false
9	6	3	2	12	9	9	false
9	7	1	2	10	9	9	false
9	7	2	2	11	9	9	false
9	8	1	2	10	9	9	false
10	0	1	2	11	10	10	false
10	0	2	2	12	10	10	false
10	0	3	2	13	10	10	false
10	0	4	2	14	10	10	false
10	0	5	2	15	10	10	false
10	0	6	2	16	10	10	false
10	0	7	2	17	10	10	false
10	0	8	2	18	10	10	false
10	0	9	2	19	10	10	false
10	0	10	2	20	10	10	false
10	1	1	2	11	10	10	false
10	1	2	2	12	10	10	false
10	1	3	2	13	10	10	false
10	1	4	2	14	10	10	false
10	1	5	2	15	10	10	false
10	1	6	2	16	10	10	false
10	1	7	2	17	10	10	false
10	1	8	2	18	10	10	false
10	1	9	2	19	10	10	false
10	2	1	2	11	10	10	false
10	2	2	2	12	10	10	false
10	2	3	2	13	10	10	false
10	2	4	2	14	10	10	false
10	2	5	2	15	10	10	false
10	2	6	2	16	10	10	false
10	2	7	2	17	10	10	false
10	2	8	2	18	10	10	false
10	3	1	2	11	10	10	false
10	3	2	2	12	10	10	false
10	3	3	2	13	10	10	false
10	3	4	2	14	10	10	false
10	3	5	2	15	10	10	false
10	3	6	2	16	10	10	false
10	3	7	2	17	10	10	false
10	4	1	2	11	10	10	false
10	4	2	2	12	10	10	false
10	4	3	2	13	10	10	false
10	4	4	2	14	10	10	false
10	4	5	2	15	10	10	false
10	4	6	2	16	10	10	false
10	5	1	2	11	10	10	false
10	5	2	2	12	10	10	false
10	5	3	2	13	10	10	false
10	5	4	2	14	10	10	false
10	5	5	2	15	10	10	false
10	6	1	2	11	10	10	false
10	6	2	2	12	10	10	false
10	6	3	2	13	10	10	false
10	6	4	2	14	10	10	false
10	7	1	2	11	10	10	false
10	7	2	2	12	10	10	false
10	7	3	2	13	10	10	false
10	8	1	2	11	10	10	false
10	8	2	2	12	10	10	false
10	9	1	2	11	10	10	false
11	0	1	2	12	11	11	false
11	0	2	2	13	11	11	false
11	0	3	2	14	11	11	false
11	0	4	2	15	11	11	false
11	0	5	2	16	11	11	false
11	0	6	2	17	11	11	false
11	0	7	2	18	11	11	false
11	0	8	2	19	11	11	false
11	0	9	2	20	11	11	false
11	0	10	2	21	11	11	false
11	0	11	2	22	11	11	false
11	1	1	2	12	11	11	false
11	1	2	2	13	11	11	false
11	1	3	2	14	11	11	false
11	1	4	2	15	11	11	false
11	1	5	2	16	11	11	false
11	1	6	2	17	11	11	false
11	1	7	2	18	11	11	false
11	1	8	2	19	11	11	false
11	1	9	2	20	11	11	false
11	1	10	2	21	11	11	false
11	2	1	2	12	11	11	false
11	2	2	2	13	11	11	false
11	2	3	2	14	11	11	false
11	2	4	2	15	11	11	false
11	2	5	2	16	11	11	false
11	2	6	2	17	11	11	false
11	2	7	2	18	11	11	false
11	2	8	2	19	11	11	false
11	2	9	2	20	11	11	false
11	3	1	2	12	11	11	false
11	3	2	2	13	11	11	false
11	3	3	2	14	11	11	false
11	3	4	2	15	11	11	false
11	3	5	2	16	11	11	false
11	3	6	2	17	11	11	false
11	3	7	2	18	11	11	false
11	3	8	2	19	11	11	false
11	4	1	2	12	11	11	false
11	4	2	2	13	11	11	false
11	4	3	2	14	11	11	false
11	4	4	2	15	11	11	false
11	4	5	2	16	11	11	false
11	4	6	2	17	11	11	false
11	4	7	2	18	11	11	false
11	5	1	2	12	11	11	false
11	5	2	2	13	11	11	false
11	5	3	2	14	11	11	false
11	5	4	2	15	11	11	false
11	5	5	2	16	11	11	false
11	5	6	2	17	11	11	false
11	6	1	2	12	11	11	false
11	6	2	2	13	11	11	false
11	6	3	2	14	11	11	false
11	6	4	2	15	11	11	false
11	6	5	2	16	11	11	false
11	7	1	2	12	11	11	false
11	7	2	2	13	11	11	false
11	7	3	2	14	11	11	false
11	7	4	2	15	11	11	false
11	8	1	2	12	11	11	false
11	8	2	2	13	11	11	false
11	8	3	2	14	11	11	false
11	9	1	2	12	11	11	false
11	9	2	2	13	11	11	false
11	10	1	2	12	11	11	false
12	0	1	2	13	12	12	false
12	0	2	2	14	12	12	false
12	0	3	2	15	12	12	false
12	0	4	2	16	12	12	false
12	0	5	2	17	12	12	false
12	0	6	2	18	12	12	false
12	0	7	2	19	12	12	false
12	0	8	2	20	12	12	false
12	0	9	2	21	12	12	false
12	0	10	2	22	12	12	false
12	0	11	2	23	12	12	false
12	0	12	2	24	12	12	false
12	1	1	2	13	12	12	false
12	1	2	2	14	12	12	false
12	1	3	2	15	12	12	false
12	1	4	2	16	12	12	false
12	1	5	2	17	12	12	false
12	1	6	2	18	12	12	false
12	1	7	2	19	12	12	false
12	1	8	2	20	12	12	false
12	1	9	2	21	12	12	false
12	1	10	2	22	12	12	false
12	1	11	2	23	12	12	false
12	2	1	2	13	12	12	false
12	2	2	2	14	12	12	false
12	2	3	2	15	12	12	false
12	2	4	2	16	12	12	false
12	2	5	2	17	12	12	false
12	2	6	2	18	12	12	false
12	2	7	2	19	12	12	false
12	2	8	2	20	12	12	false
12	2	9	2	21	12	12	false
12	2	10	2	22	12	12	false
12	3	1	2	13	12	12	false
12	3	2	2	14	12	12	false
12	3	3	2	15	12	12	false
12	3	4	2	16	12	12	false
12	3	5	2	17	12	12	false
12	3	6	2	18	12	12	false
12	3	7	2	19	12	12	false
12	3	8	2	20	12	12	false
12	3	9	2	21	12	12	false
12	4	1	2	13	12	12	false
12	4	2	2	14	12	12	false
12	4	3	2	15	12	12	false
12	4	4	2	16	12	12	false
12	4	5	2	17	12	12	false
12	4	6	2	18	12	12	false
12	4	7	2	19	12	12	false
12	4	8	2	20	12	12	false
12	5	1	2	13	12	12	false
12	5	2	2	14	12	12	false
12	5	3	2	15	12	12	false
12	5	4	2	16	12	12	false
12	5	5	2	17	12	12	false
12	5	6	2	18	12	12	false
12	5	7	2	19	12	12	false
12	6	1	2	13	12	12	false
12	6	2	2	14	12	12	false
12	6	3	2	15	12	12	false
12	6	4	2	16	12	12	false
12	6	5	2	17	12	12	false
12	6	6	2	18	12	12	false
12	7	1	2	13	12	12	false
12	7	2	2	14	12	12	false
12	7	3	2	15	12	12	false
12	7	4	2	16	12	12	false
12	7	5	2	17	12	12	false
12	8	1	2	13	12	12	false
12	8	2	2	14	12	12	false
12	8	3	2	15	12	12	false
12	8	4	2	16	12	12	false
12	9	1	2	13	12	12	false
12	9	2	2	14	12	12	false
12	9	3	2	15	12	12	false
12	10	1	2	13	12	12	false
12	10	2	2	14	12	12	false
12	11	1	2	13	12	12	false
13	0	1	2	14	13	13	false
13	0	2	2	15	13	13	false
13	0	3	2	16	13	13	false
13	0	4	2	17	13	13	false
13	0	5	2	18	13	13	false
13	0	6	2	19	13	13	false
13	0	7	2	20	13	13	false
13	0	8	2	21	13	13	false
13	0	9	2	22	13	13	false
13	0	10	2	23	13	13	false
13	0	11	2	24	13	13	false
13	0	12	2	25	13	13	false
13	0	13	2	26	13	13	false
13	1	1	2	14	13	13	false
13	1	2	2	15	13	13	false
13	1	3	2	16	13	13	false
13	1	4	2	17	13	13	false
13	1	5	2	18	13	13	false
13	1	6	2	19	13	13	false
13	1	7	2	20	13	13	false
13	1	8	2	21	13	13	false
13	1	9	2	22	13	13	false
13	1	10	2	23	13	13	false
13	1	11	2	24	13	13	false
13	1	12	2	25	13	13	false
13	2	1	2	14	13	13	false
13	2	2	2	15	13	13	false
13	2	3	2	16	13	13	false
13	2	4	2	17	13	13	false
13	2	5	2	18	13	13	false
13	2	6	2	19	13	13	false
13	2	7	2	20	13	13	false
13	2	8	2	21	13	13	false
13	2	9	2	22	13	13	false
13	2	10	2	23	13	13	false
13	2	11	2	24	13	13	false
13	3	1	2	14	13	13	false
13	3	2	2	15	13	13	false
13	3	3	2	16	13	13	false
13	3	4	2	17	13	13	false
13	3	5	2	18	13	13	false
13	3	6	2	19	13	13	false
13	3	7	2	20	13	13	false
13	3	8	2	21	13	13	false
13	3	9	2	22	13	13	false
13	3	10	2	23	13	13	false
13	4	1	2	14	13	13	false
13	4	2	2	15	13	13	false
13	4	3	2	16	13	13	false
13	4	4	2	17	13	13	false
13	4	5	2	18	13	13	false
13	4	6	2	19	13	13	false
13	4	7	2	20	13	13	false
13	4	8	2	21	13	13	false
13	4	9	2	22	13	13	false
13	5	1	2	14	13	13	false
13	5	2	2	15	13	13	false
13	5	3	2	16	13	13	false
13	5	4	2	17	13	13	false
13	5	5	2	18	13	13	false
13	5	6	2	19	13	13	false
13	5	7	2	20	13	13	false
13	5	8	2	21	13	13	false
13	6	1	2	14	13	13	false
13	6	2	2	15	13	13	false
13	6	3	2	16	13	13	false
13	6	4	2	17	13	13	false
13	6	5	2	18	13	13	false
13	6	6	2	19	13	13	false
13	6	7	2	20	13	13	false
13	7	1	2	14	13	13	false
13	7	2	2	15	13	13	false
13	7	3	2	16	13	13	false
13	7	4	2	17	13	13	false
13	7	5	2	18	13	13	false
13	7	6	2	19	13	13	false
13	8	1	2	14	13	13	false
13	8	2	2	15	13	13	false
13	8	3	2	16	13	13	false
13	8	4	2	17	13	13	false
13	8	5	2	18	13	13	false
13	9	1	2	14	13	13	false
13	9	2	2	15	13	13	false
13	9	3	2	16	13	13	false
13	9	4	2	17	13	13	false
13	10	1	2	14	13	13	false
13	10	2	2	15	13	13	false
13	10	3	2	16	13	13	false
13	11	1	2	14	13	13	false
13	11	2	2	15	13	13	false
13	12	1	2	14	13	13	false
14	0	1	2	15	14	14	false
14	0	2	2	16	14	14	false
14	0	3	2	17	14	14	false
14	0	4	2	18	14	14	false
14	0	5	2	19	14	14	false
14	0	6	2	20	14	14	false
14	0	7	2	21	14	14	false
14	0	8	2	22	14	14	false
14	0	9	2	23	14	14	false
14	0	10	2	24	14	14	false
14	0	11	2	25	14	14	false
14	0	12	2	26	14	14	false
14	0	13	2	27	14	14	false
14	0	14	2	28	14	14	false
14	1	1	2	15	14	14	false
14	1	2	2	16	14	14	false
14	1	3	2	17	14	14	false
14	1	4	2	18	14	14	false
14	1	5	2	19	14	14	false
14	1	6	2	20	14	14	false
14	1	7	2	21	14	14	false
14	1	8	2	22	14	14	false
14	1	9	2	23	14	14	false
14	1	10	2	24	14	14	false
14	1	11	2	25	14	14	false
14	1	12	2	26	14	14	false
14	1	13	2	27	14	14	false
14	2	1	2	15	14	14	false
14	2	2	2	16	14	14	false
14	2	3	2	17	14	14	false
14	2	4	2	18	14	14	false
14	2	5	2	19	14	14	false
14	2	6	2	20	14	14	false
14	2	7	2	21	14	14	false
14	2	8	2	22	14	14	false
14	2	9	2	23	14	14	false
14	2	10	2	24	14	14	false
14	2	11	2	25	14	14	false
14	2	12	2	26	14	14	false
14	3	1	2	15	14	14	false
14	3	2	2	16	14	14	false
14	3	3	2	17	14	14	false
14	3	4	2	18	14	14	false
14	3	5	2	19	14	14	false
14	3	6	2	20	14	14	false
14	3	7	2	21	14	14	false
14	3	8	2	22	14	14	false
14	3	9	2	23	14	14	false
14	3	10	2	24	14	14	false
14	3	11	2	25	14	14	false
14	4	1	2	15	14	14	false
14	4	2	2	16	14	14	false
14	4	3	2	17	14	14	false
14	4	4	2	18	14	14	false
14	4	5	2	19	14	14	false
14	4	6	2	20	14	14	false
14	4	7	2	21	14	14	false
14	4	8	2	22	14	14	false
14	4	9	2	23	14	14	false
14	4	10	2	24	14	14	false
14	5	1	2	15	14	14	false
14	5	2	2	16	14	14	false
14	5	3	2	17	14	14	false
14	5	4	2	18	14	14	false
14	5	5	2	19	14	14	false
14	5	6	2	20	14	14	false
14	5	7	2	21	14	14	false
14	5	8	2	22	14	14	false
14	5	9	2	23	14	14	false
14	6	1	2	15	14	14	false
14	6	2	2	16	14	14	false
14	6	3	2	17	14	14	false
14	6	4	2	18	14	14	false
14	6	5	2	19	14	14	false
14	6	6	2	20	14	14	false
14	6	7	2	21	14	14	false
14	6	8	2	22	14	14	false
14	7	1	2	15	14	14	false
14	7	2	2	16	14	14	false
14	7	3	2	17	14	14	false
14	7	4	2	18	14	14	false
14	7	5	2	19	14	14	false
14	7	6	2	20	14	14	false
14	7	7	2	21	14	14	false
14	8	1	2	15	14	14	false
14	8	2	2	16	14	14	false
14	8	3	2	17	14	14	false
14	8	4	2	18	14	14	false
14	8	5	2	19	14	14	false
14	8	6	2	20	14	14	false
14	9	1	2	15	14	14	false
14	9	2	2	16	14	14	false
14	9	3	2	17	14	14	false
14	9	4	2	18	14	14	false
14	9	5	2	19	14	14	false
14	10	1	2	15	14	14	false
14	10	2	2	16	14	14	false
14	10	3	2	17	14	14	false
14	10	4	2	18	14	14	false
14	11	1	2	15	14	14	false
14	11	2	2	16	14	14	false
14	11	3	2	17	14	14	false
14	12	1	2	15	14	14	false
14	12	2	2	16	14	14	false
14	13	1	2	15	14	14	false
15	0	1	2	16	15	15	false
15	0	2	2	17	15	15	false
15	0	3	2	18	15	15	false
15	0	4	2	19	15	15	false
15	0	5	2	20	15	15	false
15	0	6	2	21	15	15	false
15	0	7	2	22	15	15	false
15	0	8	2	23	15	15	false
15	0	9	2	24	15	15	false
15	0	10	2	25	15	15	false
15	0	11	2	26	15	15	false
15	0	12	2	27	15	15	false
15	0	13	2	28	15	15	false
15	0	14	2	29	15	15	false
15	0	15	2	30	15	15	false
15	1	1	2	16	15	15	false
15	1	2	2	17	15	15	false
15	1	3	2	18	15	15	false
15	1	4	2	19	15	15	false
15	1	5	2	20	15	15	false
15	1	6	2	21	15	15	false
15	1	7	2	22	15	15	false
15	1	8	2	23	15	15	false
15	1	9	2	24	15	15	false
15	1	10	2	25	15	15	false
15	1	11	2	26	15	15	false
15	1	12	2	27	15	15	false
15	1	13	2	28	15	15	false
15	1	14	2	29	15	15	false
15	2	1	2	16	15	15	false
15	2	2	2	17	15	15	false
15	2	3	2	18	15	15	false
15	2	4	2	19	15	15	false
15	2	5	2	20	15	15	false
15	2	6	2	21	15	15	false
15	2	7	2	22	15	15	false
15	2	8	2	23	15	15	false
15	2	9	2	24	15	15	false
15	2	10	2	25	15	15	false
15	2	11	2	26	15	15	false
15	2	12	2	27	15	15	false
15	2	13	2	28	15	15	false
15	3	1	2	16	15	15	false
15	3	2	2	17	15	15	false
15	3	3	2	18	15	15	false
15	3	4	2	19	15	15	false
15	3	5	2	20	15	15	false
15	3	6	2	21	15	15	false
15	3	7	2	22	15	15	false
15	3	8	2	23	15	15	false
15	3	9	2	24	15	15	false
15	3	10	2	25	15	15	false
15	3	11	2	26	15	15	false
15	3	12	2	27	15	15	false
15	4	1	2	16	15	15	false
15	4	2	2	17	15	15	false
15	4	3	2	18	15	15	false
15	4	4	2	19	15	15	false
15	4	5	2	20	15	15	false
15	4	6	2	21	15	15	false
15	4	7	2	22	15	15	false
15	4	8	2	23	15	15	false
15	4	9	2	24	15	15	false
15	4	10	2	25	15	15	false
15	4	11	2	26	15	15	false
15	5	1	2	16	15	15	false
15	5	2	2	17	15	15	false
15	5	3	2	18	15	15	false
15	5	4	2	19	15	15	false
15	5	5	2	20	15	15	false
15	5	6	2	21	15	15	false
15	5	7	2	22	15	15	false
15	5	8	2	23	15	15	false
15	5	9	2	24	15	15	false
15	5	10	2	25	15	15	false
15	6	1	2	16	15	15	false
15	6	2	2	17	15	15	false
15	6	3	2	18	15	15	false
15	6	4	2	19	15	15	false
15	6	5	2	20	15	15	false
15	6	6	2	21	15	15	false
15	6	7	2	22	15	15	false
15	6	8	2	23	15	15	false
15	6	9	2	24	15	15	false
15	7	1	2	16	15	15	false
15	7	2	2	17	15	15	false
15	7	3	2	18	15	15	false
15	7	4	2	19	15	15	false
15	7	5	2	20	15	15	false
15	7	6	2	21	15	15	false
15	7	7	2	22	15	15	false
15	7	8	2	23	15	15	false
15	8	1	2	16	15	15	false
15	8	2	2	17	15	15	false
15	8	3	2	18	15	15	false
15	8	4	2	19	15	15	false
15	8	5	2	20	15	15	false
15	8	6	2	21	15	15	false
15	8	7	2	22	15	15	false
15	9	1	2	16	15	15	false
15	9	2	2	17	15	15	false
15	9	3	2	18	15	15	false
15	9	4	2	19	15	15	false
15	9	5	2	20	15	15	false
15	9	6	2	21	15	15	false
15	10	1	2	16	15	15	false
15	10	2	2	17	15	15	false
15	10	3	2	18	15	15	false
15	10	4	2	19	15	15	false
15	10	5	2	20	15	15	false
15	11	1	2	16	15	15	false
15	11	2	2	17	15	15	false
15	11	3	2	18	15	15	false
15	11	4	2	19	15	15	false
15	12	1	2	16	15	15	false
15	12	2	2	17	15	15	false
15	12	3	2	18	15	15	false
15	13	1	2	16	15	15	false
15	13	2	2	17	15	15	false
15	14	1	2	16	15	15	false
16	0	1	2	17	16	16	false
16	0	2	2	18	16	16	false
16	0	3	2	19	16	16	false
16	0	4	2	20	16	16	false
16	0	5	2	21	16	16	false
16	0	6	2	22	16	16	false
16	0	7	2	23	16	16	false
16	0	8	2	24	16	16	false
16	0	9	2	25	16	16	false
16	0	10	2	26	16	16	false
16	0	11	2	27	16	16	false
16	0	12	2	28	16	16	false
16	0	13	2	29	16	16	false
16	0	14	2	30	16	16	false
16	0	15	2	31	16	16	false
16	0	16	2	32	16	16	false
16	1	1	2	17	16	16	false
16	1	2	2	18	16	16	false
16	1	3	2	19	16	16	false
16	1	4	2	20	16	16	false
16	1	5	2	21	16	16	false
16	1	6	2	22	16	16	false
16	1	7	2	23	16	16	false
16	1	8	2	24	16	16	false
16	1	9	2	25	16	16	false
16	1	10	2	26	16	16	false
16	1	11	2	27	16	16	false
16	1	12	2	28	16	16	false
16	1	13	2	29	16	16	false
16	1	14	2	30	16	16	false
16	1	15	2	31	16	16	false
16	2	1	2	17	16	16	false
16	2	2	2	18	16	16	false
16	2	3	2	19	16	16	false
16	2	4	2	20	16	16	false
16	2	5	2	21	16	16	false
16	2	6	2	22	16	16	false
16	2	7	2	23	16	16	false
16	2	8	2	24	16	16	false
16	2	9	2	25	16	16	false
16	2	10	2	26	16	16	false
16	2	11	2	27	16	16	false
16	2	12	2	28	16	16	false
16	2	13	2	29	16	16	false
16	2	14	2	30	16	16	false
16	3	1	2	17	16	16	false
16	3	2	2	18	16	16	false
16	3	3	2	19	16	16	false
16	3	4	2	20	16	16	false
16	3	5	2	21	16	16	false
16	3	6	2	22	16	16	false
16	3	7	2	23	16	16	false
16	3	8	2	24	16	16	false
16	3	9	2	25	16	16	false
16	3	10	2	26	16	16	false
16	3	11	2	27	16	16	false
16	3	12	2	28	16	16	false
16	3	13	2	29	16	16	false
16	4	1	2	17	16	16	false
16	4	2	2	18	16	16	false
16	4	3	2	19	16	16	false
16	4	4	2	20	16	16	false
16	4	5	2	21	16	16	false
16	4	6	2	22	16	16	false
16	4	7	2	23	16	16	false
16	4	8	2	24	16	16	false
16	4	9	2	25	16	16	false
16	4	10	2	26	16	16	false
16	4	11	2	27	16	16	false
16	4	12	2	28	16	16	false
16	5	1	2	17	16	16	false
16	5	2	2	18	16	16	false
16	5	3	2	19	16	16	false
16	5	4	2	20	16	16	false
16	5	5	2	21	16	16	false
16	5	6	2	22	16	16	false
16	5	7	2	23	16	16	false
16	5	8	2	24	16	16	false
16	5	9	2	25	16	16	false
16	5	10	2	26	16	16	false
16	5	11	2	27	16	16	false
16	6	1	2	17	16	16	false
16	6	2	2	18	16	16	false
16	6	3	2	19	16	16	false
16	6	4	2	20	16	16	false
16	6	5	2	21	16	16	false
16	6	6	2	22	16	16	false
16	6	7	2	23	16	16	false
16	6	8	2	24	16	16	false
16	6	9	2	25	16	16	false
16	6	10	2	26	16	16	false
16	7	1	2	17	16	16	false
16	7	2	2	18	16	16	false
16	7	3	2	19	16	16	false
16	7	4	2	20	16	16	false
16	7	5	2	21	16	16	false
16	7	6	2	22	16	16	false
16	7	7	2	23	16	16	false
16	7	8	2	24	16	16	false
16	7	9	2	25	16	16	false
16	8	1	2	17	16	16	false
16	8	2	2	18	16	16	false
16	8	3	2	19	16	16	false
16	8	4	2	20	16	16	false
16	8	5	2	21	16	16	false
16	8	6	2	22	16	16	false
16	8	7	2	23	16	16	false
16	8	8	2	24	16	16	false
16	9	1	2	17	16	16	false
16	9	2	2	18	16	16	false
16	9	3	2	19	16	16	false
16	9	4	2	20	16	16	false
16	9	5	2	21	16	16	false
16	9	6	2	22	16	16	false
16	9	7	2	23	16	16	false
16	10	1	2	17	16	16	false
16	10	2	2	18	16	16	false
16	10	3	2	19	16	16	false
16	10	4	2	20	16	16	false
16	10	5	2	21	16	16	false
16	10	6	2	22	16	16	false
16	11	1	2	17	16	16	false
16	11	2	2	18	16	16	false
16	11	3	2	19	16	16	false
16	11	4	2	20	16	16	false
16	11	5	2	21	16	16	false
16	12	1	2	17	16	16	false
16	12	2	2	18	16	16	false
16	12	3	2	19	16	16	false
16	12	4	2	20	16	16	false
16	13	1	2	17	16	16	false
16	13	2	2	18	16	16	false
16	13	3	2	19	16	16	false
16	14	1	2	17	16	16	false
16	14	2	2	18	16	16	false
16	15	1	2	17	16	16	false
17	0	1	2	18	17	17	false
17	0	2	2	19	17	17	false
17	0	3	2	20	17	17	false
17	0	4	2	21	17	17	false
17	0	5	2	22	17	17	false
17	0	6	2	23	17	17	false
17	0	7	2	24	17	17	false
17	0	8	2	25	17	17	false
17	0	9	2	26	17	17	false
17	0	10	2	27	17	17	false
17	0	11	2	28	17	17	false
17	0	12	2	29	17	17	false
17	0	13	2	30	17	17	false
17	0	14	2	31	17	17	false
17	0	15	2	32	17	17	false
17	0	16	2	33	17	17	false
17	0	17	2	34	17	17	false
17	1	1	2	18	17	17	false
17	1	2	2	19	17	17	false
17	1	3	2	20	17	17	false
17	1	4	2	21	17	17	false
17	1	5	2	22	17	17	false
17	1	6	2	23	17	17	false
17	1	7	2	24	17	17	false
17	1	8	2	25	17	17	false
17	1	9	2	26	17	17	false
17	1	10	2	27	17	17	false
17	1	11	2	28	17	17	false
17	1	12	2	29	17	17	false
17	1	13	2	30	17	17	false
17	1	14	2	31	17	17	false
17	1	15	2	32	17	17	false
17	1	16	2	33	17	17	false
17	2	1	2	18	17	17	false
17	2	2	2	19	17	17	false
17	2	3	2	20	17	17	false
17	2	4	2	21	17	17	false
17	2	5	2	22	17	17	false
17	2	6	2	23	17	17	false
17	2	7	2	24	17	17	false
17	2	8	2	25	17	17	false
17	2	9	2	26	17	17	false
17	2	10	2	27	17	17	false
17	2	11	2	28	17	17	false
17	2	12	2	29	17	17	false
17	2	13	2	30	17	17	false
17	2	14	2	31	17	17	false
17	2	15	2	32	17	17	false
17	3	1	2	18	17	17	false
17	3	2	2	19	17	17	false
17	3	3	2	20	17	17	false
17	3	4	2	21	17	17	false
17	3	5	2	22	17	17	false
17	3	6	2	23	17	17	false
17	3	7	2	24	17	17	false
17	3	8	2	25	17	17	false
17	3	9	2	26	17	17	false
17	3	10	2	27	17	17	false
17	3	11	2	28	17	17	false
17	3	12	2	29	17	17	false
17	3	13	2	30	17	17	false
17	3	14	2	31	17	17	false
17	4	1	2	18	17	17	false
17	4	2	2	19	17	17	false
17	4	3	2	20	17	17	false
17	4	4	2	21	17	17	false
17	4	5	2	22	17	17	false
17	4	6	2	23	17	17	false
17	4	7	2	24	17	17	false
17	4	8	2	25	17	17	false
17	4	9	2	26	17	17	false
17	4	10	2	27	17	17	false
17	4	11	2	28	17	17	false
17	4	12	2	29	17	17	false
17	4	13	2	30	17	17	false
17	5	1	2	18	17	17	false
17	5	2	2	19	17	17	false
17	5	3	2	20	17	17	false
17	5	4	2	21	17	17	false
17	5	5	2	22	17	17	false
17	5	6	2	23	17	17	false
17	5	7	2	24	17	17	false
17	5	8	2	25	17	17	false
17	5	9	2	26	17	17	false
17	5	10	2	27	17	17	false
17	5	11	2	28	17	17	false
17	5	12	2	29	17	17	false
17	6	1	2	18	17	17	false
17	6	2	2	19	17	17	false
17	6	3	2	20	17	17	false
17	6	4	2	21	17	17	false
17	6	5	2	22	17	17	false
17	6	6	2	23	17	17	false
17	6	7	2	24	17	17	false
17	6	8	2	25	17	17	false
17	6	9	2	26	17	17	false
17	6	10	2	27	17	17	false
17	6	11	2	28	17	17	false
17	7	1	2	18	17	17	false
17	7	2	2	19	17	17	false
17	7	3	2	20	17	17	false
17	7	4	2	21	17	17	false
17	7	5	2	22	17	17	false
17	7	6	2	23	17	17	false
17	7	7	2	24	17	17	false
17	7	8	2	25	17	17	false
17	7	9	2	26	17	17	false
17	7	10	2	27	17	17	false
17	8	1	2	18	17	17	false
17	8	2	2	19	17	17	false
17	8	3	2	20	17	17	false
17	8	4	2	21	17	17	false
17	8	5	2	22	17	17	false
17	8	6	2	23	17	17	false
17	8	7	2	24	17	17	false
17	8	8	2	25	17	17	false
17	8	9	2	26	17	17	false
17	9	1	2	18	17	17	false
17	9	2	2	19	17	17	false
17	9	3	2	20	17	17	false
17	9	4	2	21	17	17	false
17	9	5	2	22	17	17	false
17	9	6	2	23	17	17	false
17	9	7	2	24	17	17	false
17	9	8	2	25	17	17	false
17	10	1	2	18	17	17	false
17	10	2	2	19	17	17	false
17	10	3	2	20	17	17	false
17	10	4	2	21	17	17	false
17	10	5	2	22	17	17	false
17	10	6	2	23	17	17	false
17	10	7	2	24	17	17	false
17	11	1	2	18	17	17	false
17	11	2	2	19	17	17	false
17	11	3	2	20	17	17	false
17	11	4	2	21	17	17	false
17	11	5	2	22	17	17	false
17	11	6	2	23	17	17	false
17	12	1	2	18	17	17	false
17	12	2	2	19	17	17	false
17	12	3	2	20	17	17	false
17	12	4	2	21	17	17	false
17	12	5	2	22	17	17	false
17	13	1	2	18	17	17	false
17	13	2	2	19	17	17	false
17	13	3	2	20	17	17	false
17	13	4	2	21	17	17	false
17	14	1	2	18	17	17	false
17	14	2	2	19	17	17	false
17	14	3	2	20	17	17	false
17	15	1	2	18	17	17	false
17	15	2	2	19	17	17	false
17	16	1	2	18	17	17	false
18	0	1	2	19	18	18	false
18	0	2	2	20	18	18	false
18	0	3	2	21	18	18	false
18	0	4	2	22	18	18	false
18	0	5	2	23	18	18	false
18	0	6	2	24	18	18	false
18	0	7	2	25	18	18	false
18	0	8	2	26	18	18	false
18	0	9	2	27	18	18	false
18	0	10	2	28	18	18	false
18	0	11	2	29	18	18	false
18	0	12	2	30	18	18	false
18	0	13	2	31	18	18	false
18	0	14	2	32	18	18	false
18	0	15	2	33	18	18	false
18	0	16	2	34	18	18	false
18	0	17	2	35	18	18	false
18	0	18	2	36	18	18	false
18	1	1	2	19	18	18	false
18	1	2	2	20	18	18	false
18	1	3	2	21	18	18	false
18	1	4	2	22	18	18	false
18	1	5	2	23	18	18	false
18	1	6	2	24	18	18	false
18	1	7	2	25	18	18	false
18	1	8	2	26	18	18	false
18	1	9	2	27	18	18	false
18	1	10	2	28	18	18	false
18	1	11	2	29	18	18	false
18	1	12	2	30	18	18	false
18	1	13	2	31	18	18	false
18	1	14	2	32	18	18	false
18	1	15	2	33	18	18	false
18	1	16	2	34	18	18	false
18	1	17	2	35	18	18	false
18	2	1	2	19	18	18	false
18	2	2	2	20	18	18	false
18	2	3	2	21	18	18	false
18	2	4	2	22	18	18	false
18	2	5	2	23	18	18	false
18	2	6	2	24	18	18	false
18	2	7	2	25	18	18	false
18	2	8	2	26	18	18	false
18	2	9	2	27	18	18	false
18	2	10	2	28	18	18	false
18	2	11	2	29	18	18	false
18	2	12	2	30	18	18	false
18	2	13	2	31	18	18	false
18	2	14	2	32	18	18	false
18	2	15	2	33	18	18	false
18	2	16	2	34	18	18	false
18	3	1	2	19	18	18	false
18	3	2	2	20	18	18	false
18	3	3	2	21	18	18	false
18	3	4	2	22	18	18	false
18	3	5	2	23	18	18	false
18	3	6	2	24	18	18	false
18	3	7	2	25	18	18	false
18	3	8	2	26	18	18	false
18	3	9	2	27	18	18	false
18	3	10	2	28	18	18	false
18	3	11	2	29	18	18	false
18	3	12	2	30	18	18	false
18	3	13	2	31	18	18	false
18	3	14	2	32	18	18	false
18	3	15	2	33	18	18	false
18	4	1	2	19	18	18	false
18	4	2	2	20	18	18	false
18	4	3	2	21	18	18	false
18	4	4	2	22	18	18	false
18	4	5	2	23	18	18	false
18	4	6	2	24	18	18	false
18	4	7	2	25	18	18	false
18	4	8	2	26	18	18	false
18	4	9	2	27	18	18	false
18	4	10	2	28	18	18	false
18	4	11	2	29	18	18	false
18	4	12	2	30	18	18	false
18	4	13	2	31	18	18	false
18	4	14	2	32	18	18	false
18	5	1	2	19	18	18	false
18	5	2	2	20	18	18	false
18	5	3	2	21	18	18	false
18	5	4	2	22	18	18	false
18	5	5	2	23	18	18	false
18	5	6	2	24	18	18	false
18	5	7	2	25	18	18	false
18	5	8	2	26	18	18	false
18	5	9	2	27	18	18	false
18	5	10	2	28	18	18	false
18	5	11	2	29	18	18	false
18	5	12	2	30	18	18	false
18	5	13	2	31	18	18	false
18	6	1	2	19	18	18	false
18	6	2	2	20	18	18	false
18	6	3	2	21	18	18	false
18	6	4	2	22	18	18	false
18	6	5	2	23	18	18	false
18	6	6	2	24	18	18	false
18	6	7	2	25	18	18	false
18	6	8	2	26	18	18	false
18	6	9	2	27	18	18	false
18	6	10	2	28	18	18	false
18	6	11	2	29	18	18	false
18	6	12	2	30	18	18	false
18	7	1	2	19	18	18	false
18	7	2	2	20	18	18	false
18	7	3	2	21	18	18	false
18	7	4	2	22	18	18	false
18	7	5	2	23	18	18	false
18	7	6	2	24	18	18	false
18	7	7	2	25	18	18	false
18	7	8	2	26	18	18	false
18	7	9	2	27	18	18	false
18	7	10	2	28	18	18	false
18	7	11	2	29	18	18	false
18	8	1	2	19	18	18	false
18	8	2	2	20	18	18	false
18	8	3	2	21	18	18	false
18	8	4	2	22	18	18	false
18	8	5	2	23	18	18	false
18	8	6	2	24	18	18	false
18	8	7	2	25	18	18	false
18	8	8	2	26	18	18	false
18	8	9	2	27	18	18	false
18	8	10	2	28	18	18	false
18	9	1	2	19	18	18	false
18	9	2	2	20	18	18	false
18	9	3	2	21	18	18	false
18	9	4	2	22	18	18	false
18	9	5	2	23	18	18	false
18	9	6	2	24	18	18	false
18	9	7	2	25	18	18	false
18	9	8	2	26	18	18	false
18	9	9	2	27	18	18	false
18	10	1	2	19	18	18	false
18	10	2	2	20	18	18	false
18	10	3	2	21	18	18	false
18	10	4	2	22	18	18	false
18	10	5	2	23	18	18	false
18	10	6	2	24	18	18	false
18	10	7	2	25	18	18	false
18	10	8	2	26	18	18	false
18	11	1	2	19	18	18	false
18	11	2	2	20	18	18	false
18	11	3	2	21	18	18	false
18	11	4	2	22	18	18	false
18	11	5	2	23	18	18	false
18	11	6	2	24	18	18	false
18	11	7	2	25	18	18	false
18	12	1	2	19	18	18	false
18	12	2	2	20	18	18	false
18	12	3	2	21	18	18	false
18	12	4	2	22	18	18	false
18	12	5	2	23	18	18	false
18	12	6	2	24	18	18	false
18	13	1	2	19	18	18	false
18	13	2	2	20	18	18	false
18	13	3	2	21	18	18	false
18	13	4	2	22	18	18	false
18	13	5	2	23	18	18	false
18	14	1	2	19	18	18	false
18	14	2	2	20	18	18	false
18	14	3	2	21	18	18	false
18	14	4	2	22	18	18	false
18	15	1	2	19	18	18	false
18	15	2	2	20	18	18	false
18	15	3	2	21	18	18	false
18	16	1	2	19	18	18	false
18	16	2	2	20	18	18	false
18	17	1	2	19	18	18	false
19	0	1	2	20	19	19	false
19	0	2	2	21	19	19	false
19	0	3	2	22	19	19	false
19	0	4	2	23	19	19	false
19	0	5	2	24	19	19	false
19	0	6	2	25	19	19	false
19	0	7	2	26	19	19	false
19	0	8	2	27	19	19	false
19	0	9	2	28	19	19	false
19	0	10	2	29	19	19	false
19	0	11	2	30	19	19	false
19	0	12	2	31	19	19	false
19	0	13	2	32	19	19	false
19	0	14	2	33	19	19	false
19	0	15	2	34	19	19	false
19	0	16	2	35	19	19	false
19	0	17	2	36	19	19	false
19	0	18	2	37	19	19	false
19	0	19	2	38	19	19	false
19	1	1	2	20	19	19	false
19	1	2	2	21	19	19	false
19	1	3	2	22	19	19	false
19	1	4	2	23	19	19	false
19	1	5	2	24	19	19	false
19	1	6	2	25	19	19	false
19	1	7	2	26	19	19	false
19	1	8	2	27	19	19	false
19	1	9	2	28	19	19	false
19	1	10	2	29	19	19	false
19	1	11	2	30	19	19	false
19	1	12	2	31	19	19	false
19	1	13	2	32	19	19	false
19	1	14	2	33	19	19	false
19	1	15	2	34	19	19	false
19	1	16	2	35	19	19	false
19	1	17	2	36	19	19	false
19	1	18	2	37	19	19	false
19	2	1	2	20	19	19	false
19	2	2	2	21	19	19	false
19	2	3	2	22	19	19	false
19	2	4	2	23	19	19	false
19	2	5	2	24	19	19	false
19	2	6	2	25	19	19	false
19	2	7	2	26	19	19	false
19	2	8	2	27	19	19	false
19	2	9	2	28	19	19	false
19	2	10	2	29	19	19	false
19	2	11	2	30	19	19	false
19	2	12	2	31	19	19	false
19	2	13	2	32	19	19	false
19	2	14	2	33	19	19	false
19	2	15	2	34	19	19	false
19	2	16	2	35	19	19	false
19	2	17	2	36	19	19	false
19	3	1	2	20	19	19	false
19	3	2	2	21	19	19	false
19	3	3	2	22	19	19	false
19	3	4	2	23	19	19	false
19	3	5	2	24	19	19	false
19	3	6	2	25	19	19	false
19	3	7	2	26	19	19	false
19	3	8	2	27	19	19	false
19	3	9	2	28	19	19	false
19	3	10	2	29	19	19	false
19	3	11	2	30	19	19	false
19	3	12	2	31	19	19	false
19	3	13	2	32	19	19	false
19	3	14	2	33	19	19	false
19	3	15	2	34	19	19	false
19	3	16	2	35	19	19	false
19	4	1	2	20	19	19	false
19	4	2	2	21	19	19	false
19	4	3	2	22	19	19	false
19	4	4	2	23	19	19	false
19	4	5	2	24	19	19	false
19	4	6	2	25	19	19	false
19	4	7	2	26	19	19	false
19	4	8	2	27	19	19	false
19	4	9	2	28	19	19	false
19	4	10	2	29	19	19	false
19	4	11	2	30	19	19	false
19	4	12	2	31	19	19	false
19	4	13	2	32	19	19	false
19	4	14	2	33	19	19	false
19	4	15	2	34	19	19	false
19	5	1	2	20	19	19	false
19	5	2	2	21	19	19	false
19	5	3	2	22	19	19	false
19	5	4	2	23	19	19	false
19	5	5	2	24	19	19	false
19	5	6	2	25	19	19	false
19	5	7	2	26	19	19	false
19	5	8	2	27	19	19	false
19	5	9	2	28	19	19	false
19	5	10	2	29	19	19	false
19	5	11	2	30	19	19	false
19	5	12	2	31	19	19	false
19	5	13	2	32	19	19	false
19	5	14	2	33	19	19	false
19	6	1	2	20	19	19	false
19	6	2	2	21	19	19	false
19	6	3	2	22	19	19	false
19	6	4	2	23	19	19	false
19	6	5	2	24	19	19	false
19	6	6	2	25	19	19	false
19	6	7	2	26	19	19	false
19	6	8	2	27	19	19	false
19	6	9	2	28	19	19	false
19	6	10	2	29	19	19	false
19	6	11	2	30	19	19	false
19	6	12	2	31	19	19	false
19	6	13	2	32	19	19	false
19	7	1	2	20	19	19	false
19	7	2	2	21	19	19	false
19	7	3	2	22	19	19	false
19	7	4	2	23	19	19	false
19	7	5	2	24	19	19	false
19	7	6	2	25	19	19	false
19	7	7	2	26	19	19	false
19	7	8	2	27	19	19	false
19	7	9	2	28	19	19	false
19	7	10	2	29	19	19	false
19	7	11	2	30	19	19	false
19	7	12	2	31	19	19	false
19	8	1	2	20	19	19	false
19	8	2	2	21	19	19	false
19	8	3	2	22	19	19	false
19	8	4	2	23	19	19	false
19	8	5	2	24	19	19	false
19	8	6	2	25	19	19	false
19	8	7	2	26	19	19	false
19	8	8	2	27	19	19	false
19	8	9	2	28	19	19	false
19	8	10	2	29	19	19	false
19	8	11	2	30	19	19	false
19	9	1	2	20	19	19	false
19	9	2	2	21	19	19	false
19	9	3	2	22	19	19	false
19	9	4	2	23	19	19	false
19	9	5	2	24	19	19	false
19	9	6	2	25	19	19	false
19	9	7	2	26	19	19	false
19	9	8	2	27	19	19	false
19	9	9	2	28	19	19	false
19	9	10	2	29	19	19	false
19	10	1	2	20	19	19	false
19	10	2	2	21	19	19	false
19	10	3	2	22	19	19	false
19	10	4	2	23	19	19	false
19	10	5	2	24	19	19	false
19	10	6	2	25	19	19	false
19	10	7	2	26	19	19	false
19	10	8	2	27	19	19	false
19	10	9	2	28	19	19	false
19	11	1	2	20	19	19	false
19	11	2	2	21	19	19	false
19	11	3	2	22	19	19	false
19	11	4	2	23	19	19	false
19	11	5	2	24	19	19	false
19	11	6	2	25	19	19	false
19	11	7	2	26	19	19	false
19	11	8	2	27	19	19	false
19	12	1	2	20	19	19	false
19	12	2	2	21	19	19	false
19	12	3	2	22	19	19	false
19	12	4	2	23	19	19	false
19	12	5	2	24	19	19	false
19	12	6	2	25	19	19	false
19	12	7	2	26	19	19	false
19	13	1	2	20	19	19	false
19	13	2	2	21	19	19	false
19	13	3	2	22	19	19	false
19	13	4	2	23	19	19	false
19	13	5	2	24	19	19	false
19	13	6	2	25	19	19	false
19	14	1	2	20	19	19	false
19	14	2	2	21	19	19	false
19	14	3	2	22	19	19	false
19	14	4	2	23	19	19	false
19	14	5	2	24	19	19	false
19	15	1	2	20	19	19	false
19	15	2	2	21	19	19	false
19	15	3	2	22	19	19	false
19	15	4	2	23	19	19	false
19	16	1	2	20	19	19	false
19	16	2	2	21	19	19	false
19	16	3	2	22	19	19	false
19	17	1	2	20	19	19	false
19	17	2	2	21	19	19	false
19	18	1	2	20	19	19	false
20	0	1	2	21	20	20	false
20	0	2	2	22	20	20	false
20	0	3	2	23	20	20	false
20	0	4	2	24	20	20	false
20	0	5	2	25	20	20	false
20	0	6	2	26	20	20	false
20	0	7	2	27	20	20	false
20	0	8	2	28	20	20	false
20	0	9	2	29	20	20	false
20	0	10	2	30	20	20	false
20	0	11	2	31	20	20	false
20	0	12	2	32	20	20	false
20	0	13	2	33	20	20	false
20	0	14	2	34	20	20	false
20	0	15	2	35	20	20	false
20	0	16	2	36	20	20	false
20	0	17	2	37	20	20	false
20	0	18	2	38	20	20	false
20	0	19	2	39	20	20	false
20	0	20	2	40	20	20	false
20	1	1	2	21	20	20	false
20	1	2	2	22	20	20	false
20	1	3	2	23	20	20	false
20	1	4	2	24	20	20	false
20	1	5	2	25	20	20	false
20	1	6	2	26	20	20	false
20	1	7	2	27	20	20	false
20	1	8	2	28	20	20	false
20	1	9	2	29	20	20	false
20	1	10	2	30	20	20	false
20	1	11	2	31	20	20	false
20	1	12	2	32	20	20	false
20	1	13	2	33	20	20	false
20	1	14	2	34	20	20	false
20	1	15	2	35	20	20	false
20	1	16	2	36	20	20	false
20	1	17	2	37	20	20	false
20	1	18	2	38	20	20	false
20	1	19	2	39	20	20	false
20	2	1	2	21	20	20	false
20	2	2	2	22	20	20	false
20	2	3	2	23	20	20	false
20	2	4	2	24	20	20	false
20	2	5	2	25	20	20	false
20	2	6	2	26	20	20	false
20	2	7	2	27	20	20	false
20	2	8	2	28	20	20	false
20	2	9	2	29	20	20	false
20	2	10	2	30	20	20	false
20	2	11	2	31	20	20	false
20	2	12	2	32	20	20	false
20	2	13	2	33	20	20	false
20	2	14	2	34	20	20	false
20	2	15	2	35	20	20	false
20	2	16	2	36	20	20	false
20	2	17	2	37	20	20	false
20	2	18	2	38	20	20	false
20	3	1	2	21	20	20	false
20	3	2	2	22	20	20	false
20	3	3	2	23	20	20	false
20	3	4	2	24	20	20	false
20	3	5	2	25	20	20	false
20	3	6	2	26	20	20	false
20	3	7	2	27	20	20	false
20	3	8	2	28	20	20	false
20	3	9	2	29	20	20	false
20	3	10	2	30	20	20	false
20	3	11	2	31	20	20	false
20	3	12	2	32	20	20	false
20	3	13	2	33	20	20	false
20	3	14	2	34	20	20	false
20	3	15	2	35	20	20	false
20	3	16	2	36	20	20	false
20	3	17	2	37	20	20	false
20	4	1	2	21	20	20	false
20	4	2	2	22	20	20	false
20	4	3	2	23	20	20	false
20	4	4	2	24	20	20	false
20	4	5	2	25	20	20	false
20	4	6	2	26	20	20	false
20	4	7	2	27	20	20	false
20	4	8	2	28	20	20	false
20	4	9	2	29	20	20	false
20	4	10	2	30	20	20	false
20	4	11	2	31	20	20	false
20	4	12	2	32	20	20	false
20	4	13	2	33	20	20	false
20	4	14	2	34	20	20	false
20	4	15	2	35	20	20	false
20	4	16	2	36	20	20	false
20	5	1	2	21	20	20	false
20	5	2	2	22	20	20	false
20	5	3	2	23	20	20	false
20	5	4	2	24	20	20	false
20	5	5	2	25	20	20	false
20	5	6	2	26	20	20	false
20	5	7	2	27	20	20	false
20	5	8	2	28	20	20	false
20	5	9	2	29	20	20	false
20	5	10	2	30	20	20	false
20	5	11	2	31	20	20	false
20	5	12	2	32	20	20	false
20	5	13	2	33	20	20	false
20	5	14	2	34	20	20	false
20	5	15	2	35	20	20	false
20	6	1	2	21	20	20	false
20	6	2	2	22	20	20	false
20	6	3	2	23	20	20	false
20	6	4	2	24	20	20	false
20	6	5	2	25	20	20	false
20	6	6	2	26	20	20	false
20	6	7	2	27	20	20	false
20	6	8	2	28	20	20	false
20	6	9	2	29	20	20	false
20	6	10	2	30	20	20	false
20	6	11	2	31	20	20	false
20	6	12	2	32	20	20	false
20	6	13	2	33	20	20	false
20	6	14	2	34	20	20	false
20	7	1	2	21	20	20	false
20	7	2	2	22	20	20	false
20	7	3	2	23	20	20	false
20	7	4	2	24	20	20	false
20	7	5	2	25	20	20	false
20	7	6	2	26	20	20	false
20	7	7	2	27	20	20	false
20	7	8	2	28	20	20	false
20	7	9	2	29	20	20	false
20	7	10	2	30	20	20	false
20	7	11	2	31	20	20	false
20	7	12	2	32	20	20	false
20	7	13	2	33	20	20	false
20	8	1	2	21	20	20	false
20	8	2	2	22	20	20	false
20	8	3	2	23	20	20	false
20	8	4	2	24	20	20	false
20	8	5	2	25	20	20	false
20	8	6	2	26	20	20	false
20	8	7	2	27	20	20	false
20	8	8	2	28	20	20	false
20	8	9	2	29	20	20	false
20	8	10	2	30	20	20	false
20	8	11	2	31	20	20	false
20	8	12	2	32	20	20	false
20	9	1	2	21	20	20	false
20	9	2	2	22	20	20	false
20	9	3	2	23	20	20	false
20	9	4	2	24	20	20	false
20	9	5	2	25	20	20	false
20	9	6	2	26	20	20	false
20	9	7	2	27	20	20	false
20	9	8	2	28	20	20	false
20	9	9	2	29	20	20	false
20	9	10	2	30	20	20	false
20	9	11	2	31	20	20	false
20	10	1	2	21	20	20	false
20	10	2	2	22	20	20	false
20	10	3	2	23	20	20	false
20	10	4	2	24	20	20	false
20	10	5	2	25	20	20	false
20	10	6	2	26	20	20	false
20	10	7	2	27	20	20	false
20	10	8	2	28	20	20	false
20	10	9	2	29	20	20	false
20	10	10	2	30	20	20	false
20	11	1	2	21	20	20	false
20	11	2	2	22	20	20	false
20	11	3	2	23	20	20	false
20	11	4	2	24	20	20	false
20	11	5	2	25	20	20	false
20	11	6	2	26	20	20	false
20	11	7	2	27	20	20	false
20	11	8	2	28	20	20	false
20	11	9	2	29	20	20	false
20	12	1	2	21	20	20	false
20	12	2	2	22	20	20	false
20	12	3	2	23	20	20	false
20	12	4	2	24	20	20	false
20	12	5	2	25	20	20	false
20	12	6	2	26	20	20	false
20	12	7	2	27	20	20	false
20	12	8	2	28	20	20	false
20	13	1	2	21	20	20	false
20	13	2	2	22	20	20	false
20	13	3	2	23	20	20	false
20	13	4	2	24	20	20	false
20	13	5	2	25	20	20	false
20	13	6	2	26	20	20	false
20	13	7	2	27	20	20	false
20	14	1	2	21	20	20	false
20	14	2	2	22	20	20	false
20	14	3	2	23	20	20	false
20	14	4	2	24	20	20	false
20	14	5	2	25	20	20	false
20	14	6	2	26	20	20	false
20	15	1	2	21	20	20	false
20	15	2	2	22	20	20	false
20	15	3	2	23	20	20	false
20	15	4	2	24	20	20	false
20	15	5	2	25	20	20	false
20	16	1	2	21	20	20	false
20	16	2	2	22	20	20	false
20	16	3	2	23	20	20	false
20	16	4	2	24	20	20	false
20	17	1	2	21	20	20	false
20	17	2	2	22	20	20	false
20	17	3	2	23	20	20	false
20	18	1	2	21	20	20	false
20	18	2	2	22	20	20	false
20	19	1	2	21	20	20	false
21	0	1	2	22	21	21	false
21	0	2	2	23	21	21	false
21	0	3	2	24	21	21	false
21	0	4	2	25	21	21	false
21	0	5	2	26	21	21	false
21	0	6	2	27	21	21	false
21	0	7	2	28	21	21	false
21	0	8	2	29	21	21	false
21	0	9	2	30	21	21	false
21	0	10	2	31	21	21	false
21	0	11	2	32	21	21	false
21	0	12	2	33	21	21	false
21	0	13	2	34	21	21	false
21	0	14	2	35	21	21	false
21	0	15	2	36	21	21	false
21	0	16	2	37	21	21	false
21	0	17	2	38	21	21	false
21	0	18	2	39	21	21	false
21	0	19	2	40	21	21	false
21	0	20	2	41	21	21	false
21	0	21	2	42	21	21	false
21	1	1	2	22	21	21	false
21	1	2	2	23	21	21	false
21	1	3	2	24	21	21	false
21	1	4	2	25	21	21	false
21	1	5	2	26	21	21	false
21	1	6	2	27	21	21	false
21	1	7	2	28	21	21	false
21	1	8	2	29	21	21	false
21	1	9	2	30	21	21	false
21	1	10	2	31	21	21	false
21	1	11	2	32	21	21	false
21	1	12	2	33	21	21	false
21	1	13	2	34	21	21	false
21	1	14	2	35	21	21	false
21	1	15	2	36	21	21	false
21	1	16	2	37	21	21	false
21	1	17	2	38	21	21	false
21	1	18	2	39	21	21	false
21	1	19	2	40	21	21	false
21	1	20	2	41	21	21	false
21	2	1	2	22	21	21	false
21	2	2	2	23	21	21	false
21	2	3	2	24	21	21	false
21	2	4	2	25	21	21	false
21	2	5	2	26	21	21	false
21	2	6	2	27	21	21	false
21	2	7	2	28	21	21	false
21	2	8	2	29	21	21	false
21	2	9	2	30	21	21	false
21	2	10	2	31	21	21	false
21	2	11	2	32	21	21	false
21	2	12	2	33	21	21	false
21	2	13	2	34	21	21	false
21	2	14	2	35	21	21	false
21	2	15	2	36	21	21	false
21	2	16	2	37	21	21	false
21	2	17	2	38	21	21	false
21	2	18	2	39	21	21	false
21	2	19	2	40	21	21	false
21	3	1	2	22	21	21	false
21	3	2	2	23	21	21	false
21	3	3	2	24	21	21	false
21	3	4	2	25	21	21	false
21	3	5	2	26	21	21	false
21	3	6	2	27	21	21	false
21	3	7	2	28	21	21	false
21	3	8	2	29	21	21	false
21	3	9	2	30	21	21	false
21	3	10	2	31	21	21	false
21	3	11	2	32	21	21	false
21	3	12	2	33	21	21	false
21	3	13	2	34	21	21	false
21	3	14	2	35	21	21	false
21	3	15	2	36	21	21	false
21	3	16	2	37	21	21	false
21	3	17	2	38	21	21	false
21	3	18	2	39	21	21	false
21	4	1	2	22	21	21	false
21	4	2	2	23	21	21	false
21	4	3	2	24	21	21	false
21	4	4	2	25	21	21	false
21	4	5	2	26	21	21	false
21	4	6	2	27	21	21	false
21	4	7	2	28	21	21	false
21	4	8	2	29	21	21	false
21	4	9	2	30	21	21	false
21	4	10	2	31	21	21	false
21	4	11	2	32	21	21	false
21	4	12	2	33	21	21	false
21	4	13	2	34	21	21	false
21	4	14	2	35	21	21	false
21	4	15	2	36	21	21	false
21	4	16	2	37	21	21	false
21	4	17	2	38	21	21	false
21	5	1	2	22	21	21	false
21	5	2	2	23	21	21	false
21	5	3	2	24	21	21	false
21	5	4	2	25	21	21	false
21	5	5	2	26	21	21	false
21	5	6	2	27	21	21	false
21	5	7	2	28	21	21	false
21	5	8	2	29	21	21	false
21	5	9	2	30	21	21	false
21	5	10	2	31	21	21	false
21	5	11	2	32	21	21	false
21	5	12	2	33	21	21	false
21	5	13	2	34	21	21	false
21	5	14	2	35	21	21	false
21	5	15	2	36	21	21	false
21	5	16	2	37	21	21	false
21	6	1	2	22	21	21	false
21	6	2	2	23	21	21	false
21	6	3	2	24	21	21	false
21	6	4	2	25	21	21	false
21	6	5	2	26	21	21	false
21	6	6	2	27	21	21	false
21	6	7	2	28	21	21	false
21	6	8	2	29	21	21	false
21	6	9	2	30	21	21	false
21	6	10	2	31	21	21	false
21	6	11	2	32	21	21	false
21	6	12	2	33	21	21	false
21	6	13	2	34	21	21	false
21	6	14	2	35	21	21	false
21	6	15	2	36	21	21	false
21	7	1	2	22	21	21	false
21	7	2	2	23	21	21	false
21	7	3	2	24	21	21	false
21	7	4	2	25	21	21	false
21	7	5	2	26	21	21	false
21	7	6	2	27	21	21	false
21	7	7	2	28	21	21	false
21	7	8	2	29	21	21	false
21	7	9	2	30	21	21	false
21	7	10	2	31	21	21	false
21	7	11	2	32	21	21	false
21	7	12	2	33	21	21	false
21	7	13	2	34	21	21	false
21	7	14	2	35	21	21	false
21	8	1	2	22	21	21	false
21	8	2	2	23	21	21	false
21	8	3	2	24	21	21	false
21	8	4	2	25	21	21	false
21	8	5	2	26	21	21	false
21	8	6	2	27	21	21	false
21	8	7	2	28	21	21	false
21	8	8	2	29	21	21	false
21	8	9	2	30	21	21	false
21	8	10	2	31	21	21	false
21	8	11	2	32	21	21	false
21	8	12	2	33	21	21	false
21	8	13	2	34	21	21	false
21	9	1	2	22	21	21	false
21	9	2	2	23	21	21	false
21	9	3	2	24	21	21	false
21	9	4	2	25	21	21	false
21	9	5	2	26	21	21	false
21	9	6	2	27	21	21	false
21	9	7	2	28	21	21	false
21	9	8	2	29	21	21	false
21	9	9	2	30	21	21	false
21	9	10	2	31	21	21	false
21	9	11	2	32	21	21	false
21	9	12	2	33	21	21	false
21	10	1	2	22	21	21	false
21	10	2	2	23	21	21	false
21	10	3	2	24	21	21	false
21	10	4	2	25	21	21	false
21	10	5	2	26	21	21	false
21	10	6	2	27	21	21	false
21	10	7	2	28	21	21	false
21	10	8	2	29	21	21	false
21	10	9	2	30	21	21	false
21	10	10	2	31	21	21	false
21	10	11	2	32	21	21	false
21	11	1	2	22	21	21	false
21	11	2	2	23	21	21	false
21	11	3	2	24	21	21	false
21	11	4	2	25	21	21	false
21	11	5	2	26	21	21	false
21	11	6	2	27	21	21	false
21	11	7	2	28	21	21	false
21	11	8	2	29	21	21	false
21	11	9	2	30	21	21	false
21	11	10	2	31	21	21	false
21	12	1	2	22	21	21	false
21	12	2	2	23	21	21	false
21	12	3	2	24	21	21	false
21	12	4	2	25	21	21	false
21	12	5	2	26	21	21	false
21	12	6	2	27	21	21	false
21	12	7	2	28	21	21	false
21	12	8	2	29	21	21	false
21	12	9	2	30	21	21	false
21	13	1	2	22	21	21	false
21	13	2	2	23	21	21	false
21	13	3	2	24	21	21	false
21	13	4	2	25	21	21	false
21	13	5	2	26	21	21	false
21	13	6	2	27	21	21	false
21	13	7	2	28	21	21	false
21	13	8	2	29	21	21	false
21	14	1	2	22	21	21	false
21	14	2	2	23	21	21	false
21	14	3	2	24	21	21	false
21	14	4	2	25	21	21	false
21	14	5	2	26	21	21	false
21	14	6	2	27	21	21	false
21	14	7	2	28	21	21	false
21	15	1	2	22	21	21	false
21	15	2	2	23	21	21	false
21	15	3	2	24	21	21	false
21	15	4	2	25	21	21	false
21	15	5	2	26	21	21	false
21	15	6	2	27	21	21	false
21	16	1	2	22	21	21	false
21	16	2	2	23	21	21	false
21	16	3	2	24	21	21	false
21	16	4	2	25	21	21	false
21	16	5	2	26	21	21	false
21	17	1	2	22	21	21	false
21	17	2	2	23	21	21	false
21	17	3	2	24	21	21	false
21	17	4	2	25	21	21	false
21	18	1	2	22	21	21	false
21	18	2	2	23	21	21	false
21	18	3	2	24	21	21	false
21	19	1	2	22	21	21	false
21	19	2	2	23	21	21	false
21	20	1	2	22	21	21	false
22	0	1	2	23	22	22	false
22	0	2	2	24	22	22	false
22	0	3	2	25	22	22	false
22	0	4	2	26	22	22	false
22	0	5	2	27	22	22	false
22	0	6	2	28	22	22	false
22	0	7	2	29	22	22	false
22	0	8	2	30	22	22	false
22	0	9	2	31	22	22	false
22	0	10	2	32	22	22	false
22	0	11	2	33	22	22	false
22	0	12	2	34	22	22	false
22	0	13	2	35	22	22	false
22	0	14	2	36	22	22	false
22	0	15	2	37	22	22	false
22	0	16	2	38	22	22	false
22	0	17	2	39	22	22	false
22	0	18	2	40	22	22	false
22	0	19	2	41	22	22	false
22	0	20	2	42	22	22	false
22	0	21	2	43	22	22	false
22	0	22	2	44	22	22	false
22	1	1	2	23	22	22	false
22	1	2	2	24	22	22	false
22	1	3	2	25	22	22	false
22	1	4	2	26	22	22	false
22	1	5	2	27	22	22	false
22	1	6	2	28	22	22	false
22	1	7	2	29	22	22	false
22	1	8	2	30	22	22	false
22	1	9	2	31	22	22	false
22	1	10	2	32	22	22	false
22	1	11	2	33	22	22	false
22	1	12	2	34	22	22	false
22	1	13	2	35	22	22	false
22	1	14	2	36	22	22	false
22	1	15	2	37	22	22	false
22	1	16	2	38	22	22	false
22	1	17	2	39	22	22	false
22	1	18	2	40	22	22	false
22	1	19	2	41	22	22	false
22	1	20	2	42	22	22	false
22	1	21	2	43	22	22	false
22	2	1	2	23	22	22	false
22	2	2	2	24	22	22	false
22	2	3	2	25	22	22	false
22	2	4	2	26	22	22	false
22	2	5	2	27	22	22	false
22	2	6	2	28	22	22	false
22	2	7	2	29	22	22	false
22	2	8	2	30	22	22	false
22	2	9	2	31	22	22	false
22	2	10	2	32	22	22	false
22	2	11	2	33	22	22	false
22	2	12	2	34	22	22	false
22	2	13	2	35	22	22	false
22	2	14	2	36	22	22	false
22	2	15	2	37	22	22	false
22	2	16	2	38	22	22	false
22	2	17	2	39	22	22	false
22	2	18	2	40	22	22	false
22	2	19	2	41	22	22	false
22	2	20	2	42	22	22	false
22	3	1	2	23	22	22	false
22	3	2	2	24	22	22	false
22	3	3	2	25	22	22	false
22	3	4	2	26	22	22	false
22	3	5	2	27	22	22	false
22	3	6	2	28	22	22	false
22	3	7	2	29	22	22	false
22	3	8	2	30	22	22	false
22	3	9	2	31	22	22	false
22	3	10	2	32	22	22	false
22	3	11	2	33	22	22	false
22	3	12	2	34	22	22	false
22	3	13	2	35	22	22	false
22	3	14	2	36	22	22	false
22	3	15	2	37	22	22	false
22	3	16	2	38	22	22	false
22	3	17	2	39	22	22	false
22	3	18	2	40	22	22	false
22	3	19	2	41	22	22	false
22	4	1	2	23	22	22	false
22	4	2	2	24	22	22	false
22	4	3	2	25	22	22	false
22	4	4	2	26	22	22	false
22	4	5	2	27	22	22	false
22	4	6	2	28	22	22	false
22	4	7	2	29	22	22	false
22	4	8	2	30	22	22	false
22	4	9	2	31	22	22	false
22	4	10	2	32	22	22	false
22	4	11	2	33	22	22	false
22	4	12	2	34	22	22	false
22	4	13	2	35	22	22	false
22	4	14	2	36	22	22	false
22	4	15	2	37	22	22	false
22	4	16	2	38	22	22	false
22	4	17	2	39	22	22	false
22	4	18	2	40	22	22	false
22	5	1	2	23	22	22	false
22	5	2	2	24	22	22	false
22	5	3	2	25	22	22	false
22	5	4	2	26	22	22	false
22	5	5	2	27	22	22	false
22	5	6	2	28	22	22	false
22	5	7	2	29	22	22	false
22	5	8	2	30	22	22	false
22	5	9	2	31	22	22	false
22	5	10	2	32	22	22	false
22	5	11	2	33	22	22	false
22	5	12	2	34	22	22	false
22	5	13	2	35	22	22	false
22	5	14	2	36	22	22	false
22	5	15	2	37	22	22	false
22	5	16	2	38	22	22	false
22	5	17	2	39	22	22	false
22	6	1	2	23	22	22	false
22	6	2	2	24	22	22	false
22	6	3	2	25	22	22	false
22	6	4	2	26	22	22	false
22	6	5	2	27	22	22	false
22	6	6	2	28	22	22	false
22	6	7	2	29	22	22	false
22	6	8	2	30	22	22	false
22	6	9	2	31	22	22	false
22	6	10	2	32	22	22	false
22	6	11	2	33	22	22	false
22	6	12	2	34	22	22	false
22	6	13	2	35	22	22	false
22	6	14	2	36	22	22	false
22	6	15	2	37	22	22	false
22	6	16	2	38	22	22	false
22	7	1	2	23	22	22	false
22	7	2	2	24	22	22	false
22	7	3	2	25	22	22	false
22	7	4	2	26	22	22	false
22	7	5	2	27	22	22	false
22	7	6	2	28	22	22	false
22	7	7	2	29	22	22	false
22	7	8	2	30	22	22	false
22	7	9	2	31	22	22	false
22	7	10	2	32	22	22	false
22	7	11	2	33	22	22	false
22	7	12	2	34	22	22	false
22	7	13	2	35	22	22	false
22	7	14	2	36	22	22	false
22	7	15	2	37	22	22	false
22	8	1	2	23	22	22	false
22	8	2	2	24	22	22	false
22	8	3	2	25	22	22	false
22	8	4	2	26	22	22	false
22	8	5	2	27	22	22	false
22	8	6	2	28	22	22	false
22	8	7	2	29	22	22	false
22	8	8	2	30	22	22	false
22	8	9	2	31	22	22	false
22	8	10	2	32	22	22	false
22	8	11	2	33	22	22	false
22	8	12	2	34	22	22	false
22	8	13	2	35	22	22	false
22	8	14	2	36	22	22	false
22	9	1	2	23	22	22	false
22	9	2	2	24	22	22	false
22	9	3	2	25	22	22	false
22	9	4	2	26	22	22	false
22	9	5	2	27	22	22	false
22	9	6	2	28	22	22	false
22	9	7	2	29	22	22	false
22	9	8	2	30	22	22	false
22	9	9	2	31	22	22	false
22	9	10	2	32	22	22	false
22	9	11	2	33	22	22	false
22	9	12	2	34	22	22	false
22	9	13	2	35	22	22	false
22	10	1	2	23	22	22	false
22	10	2	2	24	22	22	false
22	10	3	2	25	22	22	false
22	10	4	2	26	22	22	false
22	10	5	2	27	22	22	false
22	10	6	2	28	22	22	false
22	10	7	2	29	22	22	false
22	10	8	2	30	22	22	false
22	10	9	2	31	22	22	false
22	10	10	2	32	22	22	false
22	10	11	2	33	22	22	false
22	10	12	2	34	22	22	false
22	11	1	2	23	22	22	false
22	11	2	2	24	22	22	false
22	11	3	2	25	22	22	false
22	11	4	2	26	22	22	false
22	11	5	2	27	22	22	false
22	11	6	2	28	22	22	false
22	11	7	2	29	22	22	false
22	11	8	2	30	22	22	false
22	11	9	2	31	22	22	false
22	11	10	2	32	22	22	false
22	11	11	2	33	22	22	false
22	12	1	2	23	22	22	false
22	12	2	2	24	22	22	false
22	12	3	2	25	22	22	false
22	12	4	2	26	22	22	false
22	12	5	2	27	22	22	false
22	12	6	2	28	22	22	false
22	12	7	2	29	22	22	false
22	12	8	2	30	22	22	false
22	12	9	2	31	22	22	false
22	12	10	2	32	22	22	false
22	13	1	2	23	22	22	false
22	13	2	2	24	22	22	false
22	13	3	2	25	22	22	false
22	13	4	2	26	22	22	false
22	13	5	2	27	22	22	false
22	13	6	2	28	22	22	false
22	13	7	2	29	22	22	false
22	13	8	2	30	22	22	false
22	13	9	2	31	22	22	false
22	14	1	2	23	22	22	false
22	14	2	2	24	22	22	false
22	14	3	2	25	22	22	false
22	14	4	2	26	22	22	false
22	14	5	2	27	22	22	false
22	14	6	2	28	22	22	false
22	14	7	2	29	22	22	false
22	14	8	2	30	22	22	false
22	15	1	2	23	22	22	false
22	15	2	2	24	22	22	false
22	15	3	2	25	22	22	false
22	15	4	2	26	22	22	false
22	15	5	2	27	22	22	false
22	15	6	2	28	22	22	false
22	15	7	2	29	22	22	false
22	16	1	2	23	22	22	false
22	16	2	2	24	22	22	false
22	16	3	2	25	22	22	false
22	16	4	2	26	22	22	false
22	16	5	2	27	22	22	false
22	16	6	2	28	22	22	false
22	17	1	2	23	22	22	false
22	17	2	2	24	22	22	false
22	17	3	2	25	22	22	false
22	17	4	2	26	22	22	false
22	17	5	2	27	22	22	false
22	18	1	2	23	22	22	false
22	18	2	2	24	22	22	false
22	18	3	2	25	22	22	false
22	18	4	2	26	22	22	false
22	19	1	2	23	22	22	false
22	19	2	2	24	22	22	false
22	19	3	2	25	22	22	false
22	20	1	2	23	22	22	false
22	20	2	2	24	22	22	false
22	21	1	2	23	22	22	false
23	0	1	2	24	23	23	false
23	0	2	2	25	23	23	false
23	0	3	2	26	23	23	false
23	0	4	2	27	23	23	false
23	0	5	2	28	23	23	false
23	0	6	2	29	23	23	false
23	0	7	2	30	23	23	false
23	0	8	2	31	23	23	false
23	0	9	2	32	23	23	false
23	0	10	2	33	23	23	false
23	0	11	2	34	23	23	false
23	0	12	2	35	23	23	false
23	0	13	2	36	23	23	false
23	0	14	2	37	23	23	false
23	0	15	2	38	23	23	false
23	0	16	2	39	23	23	false
23	0	17	2	40	23	23	false
23	0	18	2	41	23	23	false
23	0	19	2	42	23	23	false
23	0	20	2	43	23	23	false
23	0	21	2	44	23	23	false
23	0	22	2	45	23	23	false
23	0	23	2	46	23	23	false
23	1	1	2	24	23	23	false
23	1	2	2	25	23	23	false
23	1	3	2	26	23	23	false
23	1	4	2	27	23	23	false
23	1	5	2	28	23	23	false
23	1	6	2	29	23	23	false
23	1	7	2	30	23	23	false
23	1	8	2	31	23	23	false
23	1	9	2	32	23	23	false
23	1	10	2	33	23	23	false
23	1	11	2	34	23	23	false
23	1	12	2	35	23	23	false
23	1	13	2	36	23	23	false
23	1	14	2	37	23	23	false
23	1	15	2	38	23	23	false
23	1	16	2	39	23	23	false
23	1	17	2	40	23	23	false
23	1	18	2	41	23	23	false
23	1	19	2	42	23	23	false
23	1	20	2	43	23	23	false
23	1	21	2	44	23	23	false
23	1	22	2	45	23	23	false
23	2	1	2	24	23	23	false
23	2	2	2	25	23	23	false
23	2	3	2	26	23	23	false
23	2	4	2	27	23	23	false
23	2	5	2	28	23	23	false
23	2	6	2	29	23	23	false
23	2	7	2	30	23	23	false
23	2	8	2	31	23	23	false
23	2	9	2	32	23	23	false
23	2	10	2	33	23	23	false
23	2	11	2	34	23	23	false
23	2	12	2	35	23	23	false
23	2	13	2	36	23	23	false
23	2	14	2	37	23	23	false
23	2	15	2	38	23	23	false
23	2	16	2	39	23	23	false
23	2	17	2	40	23	23	false
23	2	18	2	41	23	23	false
23	2	19	2	42	23	23	false
23	2	20	2	43	23	23	false
23	2	21	2	44	23	23	false
23	3	1	2	24	23	23	false
23	3	2	2	25	23	23	false
23	3	3	2	26	23	23	false
23	3	4	2	27	23	23	false
23	3	5	2	28	23	23	false
23	3	6	2	29	23	23	false
23	3	7	2	30	23	23	false
23	3	8	2	31	23	23	false
23	3	9	2	32	23	23	false
23	3	10	2	33	23	23	false
23	3	11	2	34	23	23	false
23	3	12	2	35	23	23	false
23	3	13	2	36	23	23	false
23	3	14	2	37	23	23	false
23	3	15	2	38	23	23	false
23	3	16	2	39	23	23	false
23	3	17	2	40	23	23	false
23	3	18	2	41	23	23	false
23	3	19	2	42	23	23	false
23	3	20	2	43	23	23	false
23	4	1	2	24	23	23	false
23	4	2	2	25	23	23	false
23	4	3	2	26	23	23	false
23	4	4	2	27	23	23	false
23	4	5	2	28	23	23	false
23	4	6	2	29	23	23	false
23	4	7	2	30	23	23	false
23	4	8	2	31	23	23	false
23	4	9	2	32	23	23	false
23	4	10	2	33	23	23	false
23	4	11	2	34	23	23	false
23	4	12	2	35	23	23	false
23	4	13	2	36	23	23	false
23	4	14	2	37	23	23	false
23	4	15	2	38	23	23	false
23	4	16	2	39	23	23	false
23	4	17	2	40	23	23	false
23	4	18	2	41	23	23	false
23	4	19	2	42	23	23	false
23	5	1	2	24	23	23	false
23	5	2	2	25	23	23	false
23	5	3	2	26	23	23	false
23	5	4	2	27	23	23	false
23	5	5	2	28	23	23	false
23	5	6	2	29	23	23	false
23	5	7	2	30	23	23	false
23	5	8	2	31	23	23	false
23	5	9	2	32	23	23	false
23	5	10	2	33	23	23	false
23	5	11	2	34	23	23	false
23	5	12	2	35	23	23	false
23	5	13	2	36	23	23	false
23	5	14	2	37	23	23	false
23	5	15	2	38	23	23	false
23	5	16	2	39	23	23	false
23	5	17	2	40	23	23	false
23	5	18	2	41	23	23	false
23	6	1	2	24	23	23	false
23	6	2	2	25	23	23	false
23	6	3	2	26	23	23	false
23	6	4	2	27	23	23	false
23	6	5	2	28	23	23	false
23	6	6	2	29	23	23	false
23	6	7	2	30	23	23	false
23	6	8	2	31	23	23	false
23	6	9	2	32	23	23	false
23	6	10	2	33	23	23	false
23	6	11	2	34	23	23	false
23	6	12	2	35	23	23	false
23	6	13	2	36	23	23	false
23	6	14	2	37	23	23	false
23	6	15	2	38	23	23	false
23	6	16	2	39	23	23	false
23	6	17	2	40	23	23	false
23	7	1	2	24	23	23	false
23	7	2	2	25	23	23	false
23	7	3	2	26	23	23	false
23	7	4	2	27	23	23	false
23	7	5	2	28	23	23	false
23	7	6	2	29	23	23	false
23	7	7	2	30	23	23	false
23	7	8	2	31	23	23	false
23	7	9	2	32	23	23	false
23	7	10	2	33	23	23	false
23	7	11	2	34	23	23	false
23	7	12	2	35	23	23	false
23	7	13	2	36	23	23	false
23	7	14	2	37	23	23	false
23	7	15	2	38	23	23	false
23	7	16	2	39	23	23	false
23	8	1	2	24	23	23	false
23	8	2	2	25	23	23	false
23	8	3	2	26	23	23	false
23	8	4	2	27	23	23	false
23	8	5	2	28	23	23	false
23	8	6	2	29	23	23	false
23	8	7	2	30	23	23	false
23	8	8	2	31	23	23	false
23	8	9	2	32	23	23	false
23	8	10	2	33	23	23	false
23	8	11	2	34	23	23	false
23	8	12	2	35	23	23	false
23	8	13	2	36	23	23	false
23	8	14	2	37	23	23	false
23	8	15	2	38	23	23	false
23	9	1	2	24	23	23	false
23	9	2	2	25	23	23	false
23	9	3	2	26	23	23	false
23	9	4	2	27	23	23	false
23	9	5	2	28	23	23	false
23	9	6	2	29	23	23	false
23	9	7	2	30	23	23	false
23	9	8	2	31	23	23	false
23	9	9	2	32	23	23	false
23	9	10	2	33	23	23	false
23	9	11	2	34	23	23	false
23	9	12	2	35	23	23	false
23	9	13	2	36	23	23	false
23	9	14	2	37	23	23	false
23	10	1	2	24	23	23	false
23	10	2	2	25	23	23	false
23	10	3	2	26	23	23	false
23	10	4	2	27	23	23	false
23	10	5	2	28	23	23	false
23	10	6	2	29	23	23	false
23	10	7	2	30	23	23	false
23	10	8	2	31	23	23	false
23	10	9	2	32	23	23	false
23	10	10	2	33	23	23	false
23	10	11	2	34	23	23	false
23	10	12	2	35	23	23	false
23	10	13	2	36	23	23	false
23	11	1	2	24	23	23	false
23	11	2	2	25	23	23	false
23	11	3	2	26	23	23	false
23	11	4	2	27	23	23	false
23	11	5	2	28	23	23	false
23	11	6	2	29	23	23	false
23	11	7	2	30	23	23	false
23	11	8	2	31	23	23	false
23	11	9	2	32	23	23	false
23	11	10	2	33	23	23	false
23	11	11	2	34	23	23	false
23	11	12	2	35	23	23	false
23	12	1	2	24	23	23	false
23	12	2	2	25	23	23	false
23	12	3	2	26	23	23	false
23	12	4	2	27	23	23	false
23	12	5	2	28	23	23	false
23	12	6	2	29	23	23	false
23	12	7	2	30	23	23	false
23	12	8	2	31	23	23	false
23	12	9	2	32	23	23	false
23	12	10	2	33	23	23	false
23	12	11	2	34	23	23	false
23	13	1	2	24	23	23	false
23	13	2	2	25	23	23	false
23	13	3	2	26	23	23	false
23	13	4	2	27	23	23	false
23	13	5	2	28	23	23	false
23	13	6	2	29	23	23	false
23	13	7	2	30	23	23	false
23	13	8	2	31	23	23	false
23	13	9	2	32	23	23	false
23	13	10	2	33	23	23	false
23	14	1	2	24	23	23	false
23	14	2	2	25	23	23	false
23	14	3	2	26	23	23	false
23	14	4	2	27	23	23	false
23	14	5	2	28	23	23	false
23	14	6	2	29	23	23	false
23	14	7	2	30	23	23	false
23	14	8	2	31	23	23	false
23	14	9	2	32	23	23	false
23	15	1	2	24	23	23	false
23	15	2	2	25	23	23	false
23	15	3	2	26	23	23	false
23	15	4	2	27	23	23	false
23	15	5	2	28	23	23	false
23	15	6	2	29	23	23	false
23	15	7	2	30	23	23	false
23	15	8	2	31	23	23	false
23	16	1	2	24	23	23	false
23	16	2	2	25	23	23	false
23	16	3	2	26	23	23	false
23	16	4	2	27	23	23	false
23	16	5	2	28	23	23	false
23	16	6	2	29	23	23	false
23	16	7	2	30	23	23	false
23	17	1	2	24	23	23	false
23	17	2	2	25	23	23	false
23	17	3	2	26	23	23	false
23	17	4	2	27	23	23	false
23	17	5	2	28	23	23	false
23	17	6	2	29	23	23	false
23	18	1	2	24	23	23	false
23	18	2	2	25	23	23	false
23	18	3	2	26	23	23	false
23	18	4	2	27	23	23	false
23	18	5	2	28	23	23	false
23	19	1	2	24	23	23	false
23	19	2	2	25	23	23	false
23	19	3	2	26	23	23	false
23	19	4	2	27	23	23	false
23	20	1	2	24	23	23	false
23	20	2	2	25	23	23	false
23	20	3	2	26	23	23	false
23	21	1	2	24	23	23	false
23	21	2	2	25	23	23	false
23	22	1	2	24	23	23	false
24	0	1	2	25	24	24	false
24	0	2	2	26	24	24	false
24	0	3	2	27	24	24	false
24	0	4	2	28	24	24	false
24	0	5	2	29	24	24	false
24	0	6	2	30	24	24	false
24	0	7	2	31	24	24	false
24	0	8	2	32	24	24	false
24	0	9	2	33	24	24	false
24	0	10	2	34	24	24	false
24	0	11	2	35	24	24	false
24	0	12	2	36	24	24	false
24	0	13	2	37	24	24	false
24	0	14	2	38	24	24	false
24	0	15	2	39	24	24	false
24	0	16	2	40	24	24	false
24	0	17	2	41	24	24	false
24	0	18	2	42	24	24	false
24	0	19	2	43	24	24	false
24	0	20	2	44	24	24	false
24	0	21	2	45	24	24	false
24	0	22	2	46	24	24	false
24	0	23	2	47	24	24	false
24	0	24	2	48	24	24	false
24	1	1	2	25	24	24	false
24	1	2	2	26	24	24	false
24	1	3	2	27	24	24	false
24	1	4	2	28	24	24	false
24	1	5	2	29	24	24	false
24	1	6	2	30	24	24	false
24	1	7	2	31	24	24	false
24	1	8	2	32	24	24	false
24	1	9	2	33	24	24	false
24	1	10	2	34	24	24	false
24	1	11	2	35	24	24	false
24	1	12	2	36	24	24	false
24	1	13	2	37	24	24	false
24	1	14	2	38	24	24	false
24	1	15	2	39	24	24	false
24	1	16	2	40	24	24	false
24	1	17	2	41	24	24	false
24	1	18	2	42	24	24	false
24	1	19	2	43	24	24	false
24	1	20	2	44	24	24	false
24	1	21	2	45	24	24	false
24	1	22	2	46	24	24	false
24	1	23	2	47	24	24	false
24	2	1	2	25	24	24	false
24	2	2	2	26	24	24	false
24	2	3	2	27	24	24	false
24	2	4	2	28	24	24	false
24	2	5	2	29	24	24	false
24	2	6	2	30	24	24	false
24	2	7	2	31	24	24	false
24	2	8	2	32	24	24	false
24	2	9	2	33	24	24	false
24	2	10	2	34	24	24	false
24	2	11	2	35	24	24	false
24	2	12	2	36	24	24	false
24	2	13	2	37	24	24	false
24	2	14	2	38	24	24	false
24	2	15	2	39	24	24	false
24	2	16	2	40	24	24	false
24	2	17	2	41	24	24	false
24	2	18	2	42	24	24	false
24	2	19	2	43	24	24	false
24	2	20	2	44	24	24	false
24	2	21	2	45	24	24	false
24	2	22	2	46	24	24	false
24	3	1	2	25	24	24	false
24	3	2	2	26	24	24	false
24	3	3	2	27	24	24	false
24	3	4	2	28	24	24	false
24	3	5	2	29	24	24	false
24	3	6	2	30	24	24	false
24	3	7	2	31	24	24	false
24	3	8	2	32	24	24	false
24	3	9	2	33	24	24	false
24	3	10	2	34	24	24	false
24	3	11	2	35	24	24	false
24	3	12	2	36	24	24	false
24	3	13	2	37	24	24	false
24	3	14	2	38	24	24	false
24	3	15	2	39	24	24	false
24	3	16	2	40	24	24	false
24	3	17	2	41	24	24	false
24	3	18	2	42	24	24	false
24	3	19	2	43	24	24	false
24	3	20	2	44	24	24	false
24	3	21	2	45	24	24	false
24	4	1	2	25	24	24	false
24	4	2	2	26	24	24	false
24	4	3	2	27	24	24	false
24	4	4	2	28	24	24	false
24	4	5	2	29	24	24	false
24	4	6	2	30	24	24	false
24	4	7	2	31	24	24	false
24	4	8	2	32	24	24	false
24	4	9	2	33	24	24	false
24	4	10	2	34	24	24	false
24	4	11	2	35	24	24	false
24	4	12	2	36	24	24	false
24	4	13	2	37	24	24	false
24	4	14	2	38	24	24	false
24	4	15	2	39	24	24	false
24	4	16	2	40	24	24	false
24	4	17	2	41	24	24	false
24	4	18	2	42	24	24	false
24	4	19	2	43	24	24	false
24	4	20	2	44	24	24	false
24	5	1	2	25	24	24	false
24	5	2	2	26	24	24	false
24	5	3	2	27	24	24	false
24	5	4	2	28	24	24	false
24	5	5	2	29	24	24	false
24	5	6	2	30	24	24	false
24	5	7	2	31	24	24	false
24	5	8	2	32	24	24	false
24	5	9	2	33	24	24	false
24	5	10	2	34	24	24	false
24	5	11	2	35	24	24	false
24	5	12	2	36	24	24	false
24	5	13	2	37	24	24	false
24	5	14	2	38	24	24	false
24	5	15	2	39	24	24	false
24	5	16	2	40	24	24	false
24	5	17	2	41	24	24	false
24	5	18	2	42	24	24	false
24	5	19	2	43	24	24	false
24	6	1	2	25	24	24	false
24	6	2	2	26	24	24	false
24	6	3	2	27	24	24	false
24	6	4	2	28	24	24	false
24	6	5	2	29	24	24	false
24	6	6	2	30	24	24	false
24	6	7	2	31	24	24	false
24	6	8	2	32	24	24	false
24	6	9	2	33	24	24	false
24	6	10	2	34	24	24	false
24	6	11	2	35	24	24	false
24	6	12	2	36	24	24	false
24	6	13	2	37	24	24	false
24	6	14	2	38	24	24	false
24	6	15	2	39	24	24	false
24	6	16	2	40	24	24	false
24	6	17	2	41	24	24	false
24	6	18	2	42	24	24	false
24	7	1	2	25	24	24	false
24	7	2	2	26	24	24	false
24	7	3	2	27	24	24	false
24	7	4	2	28	24	24	false
24	7	5	2	29	24	24	false
24	7	6	2	30	24	24	false
24	7	7	2	31	24	24	false
24	7	8	2	32	24	24	false
24	7	9	2	33	24	24	false
24	7	10	2	34	24	24	false
24	7	11	2	35	24	24	false
24	7	12	2	36	24	24	false
24	7	13	2	37	24	24	false
24	7	14	2	38	24	24	false
24	7	15	2	39	24	24	false
24	7	16	2	40	24	24	false
24	7	17	2	41	24	24	false
24	8	1	2	25	24	24	false
24	8	2	2	26	24	24	false
24	8	3	2	27	24	24	false
24	8	4	2	28	24	24	false
24	8	5	2	29	24	24	false
24	8	6	2	30	24	24	false
24	8	7	2	31	24	24	false
24	8	8	2	32	24	24	false
24	8	9	2	33	24	24	false
24	8	10	2	34	24	24	false
24	8	11	2	35	24	24	false
24	8	12	2	36	24	24	false
24	8	13	2	37	24	24	false
24	8	14	2	38	24	24	false
24	8	15	2	39	24	24	false
24	8	16	2	40	24	24	false
24	9	1	2	25	24	24	false
24	9	2	2	26	24	24	false
24	9	3	2	27	24	24	false
24	9	4	2	28	24	24	false
24	9	5	2	29	24	24	false
24	9	6	2	30	24	24	false
24	9	7	2	31	24	24	false
24	9	8	2	32	24	24	false
24	9	9	2	33	24	24	false
24	9	10	2	34	24	24	false
24	9	11	2	35	24	24	false
24	9	12	2	36	24	24	false
24	9	13	2	37	24	24	false
24	9	14	2	38	24	24	false
24	9	15	2	39	24	24	false
24	10	1	2	25	24	24	false
24	10	2	2	26	24	24	false
24	10	3	2	27	24	24	false
24	10	4	2	28	24	24	false
24	10	5	2	29	24	24	false
24	10	6	2	30	24	24	false
24	10	7	2	31	24	24	false
24	10	8	2	32	24	24	false
24	10	9	2	33	24	24	false
24	10	10	2	34	24	24	false
24	10	11	2	35	24	24	false
24	10	12	2	36	24	24	false
24	10	13	2	37	24	24	false
24	10	14	2	38	24	24	false
24	11	1	2	25	24	24	false
24	11	2	2	26	24	24	false
24	11	3	2	27	24	24	false
24	11	4	2	28	24	24	false
24	11	5	2	29	24	24	false
24	11	6	2	30	24	24	false
24	11	7	2	31	24	24	false
24	11	8	2	32	24	24	false
24	11	9	2	33	24	24	false
24	11	10	2	34	24	24	false
24	11	11	2	35	24	24	false
24	11	12	2	36	24	24	false
24	11	13	2	37	24	24	false
24	12	1	2	25	24	24	false
24	12	2	2	26	24	24	false
24	12	3	2	27	24	24	false
24	12	4	2	28	24	24	false
24	12	5	2	29	24	24	false
24	12	6	2	30	24	24	false
24	12	7	2	31	24	24	false
24	12	8	2	32	24	24	false
24	12	9	2	33	24	24	false
24	12	10	2	34	24	24	false
24	12	11	2	35	24	24	false
24	12	12	2	36	24	24	false
24	13	1	2	25	24	24	false
24	13	2	2	26	24	24	false
24	13	3	2	27	24	24	false
24	13	4	2	28	24	24	false
24	13	5	2	29	24	24	false
24	13	6	2	30	24	24	false
24	13	7	2	31	24	24	false
24	13	8	2	32	24	24	false
24	13	9	2	33	24	24	false
24	13	10	2	34	24	24	false
24	13	11	2	35	24	24	false
24	14	1	2	25	24	24	false
24	14	2	2	26	24	24	false
24	14	3	2	27	24	24	false
24	14	4	2	28	24	24	false
24	14	5	2	29	24	24	false
24	14	6	2	30	24	24	false
24	14	7	2	31	24	24	false
24	14	8	2	32	24	24	false
24	14	9	2	33	24	24	false
24	14	10	2	34	24	24	false
24	15	1	2	25	24	24	false
24	15	2	2	26	24	24	false
24	15	3	2	27	24	24	false
24	15	4	2	28	24	24	false
24	15	5	2	29	24	24	false
24	15	6	2	30	24	24	false
24	15	7	2	31	24	24	false
24	15	8	2	32	24	24	false
24	15	9	2	33	24	24	false
24	16	1	2	25	24	24	false
24	16	2	2	26	24	24	false
24	16	3	2	27	24	24	false
24	16	4	2	28	24	24	false
24	16	5	2	29	24	24	false
24	16	6	2	30	24	24	false
24	16	7	2	31	24	24	false
24	16	8	2	32	24	24	false
24	17	1	2	25	24	24	false
24	17	2	2	26	24	24	false
24	17	3	2	27	24	24	false
24	17	4	2	28	24	24	false
24	17	5	2	29	24	24	false
24	17	6	2	30	24	24	false
24	17	7	2	31	24	24	false
24	18	1	2	25	24	24	false
24	18	2	2	26	24	24	false
24	18	3	2	27	24	24	false
24	18	4	2	28	24	24	false
24	18	5	2	29	24	24	false
24	18	6	2	30	24	24	false
24	19	1	2	25	24	24	false
24	19	2	2	26	24	24	false
24	19	3	2	27	24	24	false
24	19	4	2	28	24	24	false
24	19	5	2	29	24	24	false
24	20	1	2	25	24	24	false
24	20	2	2	26	24	24	false
24	20	3	2	27	24	24	false
24	20	4	2	28	24	24	false
24	21	1	2	25	24	24	false
24	21	2	2	26	24	24	false
24	21	3	2	27	24	24	false
24	22	1	2	25	24	24	false
24	22	2	2	26	24	24	false
24	23	1	2	25	24	24	false
25	0	1	2	26	25	25	false
25	0	2	2	27	25	25	false
25	0	3	2	28	25	25	false
25	0	4	2	29	25	25	false
25	0	5	2	30	25	25	false
25	0	6	2	31	25	25	false
25	0	7	2	32	25	25	false
25	0	8	2	33	25	25	false
25	0	9	2	34	25	25	false
25	0	10	2	35	25	25	false
25	0	11	2	36	25	25	false
25	0	12	2	37	25	25	false
25	0	13	2	38	25	25	false
25	0	14	2	39	25	25	false
25	0	15	2	40	25	25	false
25	0	16	2	41	25	25	false
25	0	17	2	42	25	25	false
25	0	18	2	43	25	25	false
25	0	19	2	44	25	25	false
25	0	20	2	45	25	25	false
25	0	21	2	46	25	25	false
25	0	22	2	47	25	25	false
25	0	23	2	48	25	25	false
25	0	24	2	49	25	25	false
25	0	25	2	50	25	25	false
25	1	1	2	26	25	25	false
25	1	2	2	27	25	25	false
25	1	3	2	28	25	25	false
25	1	4	2	29	25	25	false
25	1	5	2	30	25	25	false
25	1	6	2	31	25	25	false
25	1	7	2	32	25	25	false
25	1	8	2	33	25	25	false
25	1	9	2	34	25	25	false
25	1	10	2	35	25	25	false
25	1	11	2	36	25	25	false
25	1	12	2	37	25	25	false
25	1	13	2	38	25	25	false
25	1	14	2	39	25	25	false
25	1	15	2	40	25	25	false
25	1	16	2	41	25	25	false
25	1	17	2	42	25	25	false
25	1	18	2	43	25	25	false
25	1	19	2	44	25	25	false
25	1	20	2	45	25	25	false
25	1	21	2	46	25	25	false
25	1	22	2	47	25	25	false
25	1	23	2	48	25	25	false
25	1	24	2	49	25	25	false
25	2	1	2	26	25	25	false
25	2	2	2	27	25	25	false
25	2	3	2	28	25	25	false
25	2	4	2	29	25	25	false
25	2	5	2	30	25	25	false
25	2	6	2	31	25	25	false
25	2	7	2	32	25	25	false
25	2	8	2	33	25	25	false
25	2	9	2	34	25	25	false
25	2	10	2	35	25	25	false
25	2	11	2	36	25	25	false
25	2	12	2	37	25	25	false
25	2	13	2	38	25	25	false
25	2	14	2	39	25	25	false
25	2	15	2	40	25	25	false
25	2	16	2	41	25	25	false
25	2	17	2	42	25	25	false
25	2	18	2	43	25	25	false
25	2	19	2	44	25	25	false
25	2	20	2	45	25	25	false
25	2	21	2	46	25	25	false
25	2	22	2	47	25	25	false
25	2	23	2	48	25	25	false
25	3	1	2	26	25	25	false
25	3	2	2	27	25	25	false
25	3	3	2	28	25	25	false
25	3	4	2	29	25	25	false
25	3	5	2	30	25	25	false
25	3	6	2	31	25	25	false
25	3	7	2	32	25	25	false
25	3	8	2	33	25	25	false
25	3	9	2	34	25	25	false
25	3	10	2	35	25	25	false
25	3	11	2	36	25	25	false
25	3	12	2	37	25	25	false
25	3	13	2	38	25	25	false
25	3	14	2	39	25	25	false
25	3	15	2	40	25	25	false
25	3	16	2	41	25	25	false
25	3	17	2	42	25	25	false
25	3	18	2	43	25	25	false
25	3	19	2	44	25	25	false
25	3	20	2	45	25	25	false
25	3	21	2	46	25	25	false
25	3	22	2	47	25	25	false
25	4	1	2	26	25	25	false
25	4	2	2	27	25	25	false
25	4	3	2	28	25	25	false
25	4	4	2	29	25	25	false
25	4	5	2	30	25	25	false
25	4	6	2	31	25	25	false
25	4	7	2	32	25	25	false
25	4	8	2	33	25	25	false
25	4	9	2	34	25	25	false
25	4	10	2	35	25	25	false
25	4	11	2	36	25	25	false
25	4	12	2	37	25	25	false
25	4	13	2	38	25	25	false
25	4	14	2	39	25	25	false
25	4	15	2	40	25	25	false
25	4	16	2	41	25	25	false
25	4	17	2	42	25	25	false
25	4	18	2	43	25	25	false
25	4	19	2	44	25	25	false
25	4	20	2	45	25	25	false
25	4	21	2	46	25	25	false
25	5	1	2	26	25	25	false
25	5	2	2	27	25	25	false
25	5	3	2	28	25	25	false
25	5	4	2	29	25	25	false
25	5	5	2	30	25	25	false
25	5	6	2	31	25	25	false
25	5	7	2	32	25	25	false
25	5	8	2	33	25	25	false
25	5	9	2	34	25	25	false
25	5	10	2	35	25	25	false
25	5	11	2	36	25	25	false
25	5	12	2	37	25	25	false
25	5	13	2	38	25	25	false
25	5	14	2	39	25	25	false
25	5	15	2	40	25	25	false
25	5	16	2	41	25	25	false
25	5	17	2	42	25	25	false
25	5	18	2	43	25	25	false
25	5	19	2	44	25	25	false
25	5	20	2	45	25	25	false
25	6	1	2	26	25	25	false
25	6	2	2	27	25	25	false
25	6	3	2	28	25	25	false
25	6	4	2	29	25	25	false
25	6	5	2	30	25	25	false
25	6	6	2	31	25	25	false
25	6	7	2	32	25	25	false
25	6	8	2	33	25	25	false
25	6	9	2	34	25	25	false
25	6	10	2	35	25	25	false
25	6	11	2	36	25	25	false
25	6	12	2	37	25	25	false
25	6	13	2	38	25	25	false
25	6	14	2	39	25	25	false
25	6	15	2	40	25	25	false
25	6	16	2	41	25	25	false
25	6	17	2	42	25	25	false
25	6	18	2	43	25	25	false
25	6	19	2	44	25	25	false
25	7	1	2	26	25	25	false
25	7	2	2	27	25	25	false
25	7	3	2	28	25	25	false
25	7	4	2	29	25	25	false
25	7	5	2	30	25	25	false
25	7	6	2	31	25	25	false
25	7	7	2	32	25	25	false
25	7	8	2	33	25	25	false
25	7	9	2	34	25	25	false
25	7	10	2	35	25	25	false
25	7	11	2	36	25	25	false
25	7	12	2	37	25	25	false
25	7	13	2	38	25	25	false
25	7	14	2	39	25	25	false
25	7	15	2	40	25	25	false
25	7	16	2	41	25	25	false
25	7	17	2	42	25	25	false
25	7	18	2	43	25	25	false
25	8	1	2	26	25	25	false
25	8	2	2	27	25	25	false
25	8	3	2	28	25	25	false
25	8	4	2	29	25	25	false
25	8	5	2	30	25	25	false
25	8	6	2	31	25	25	false
25	8	7	2	32	25	25	false
25	8	8	2	33	25	25	false
25	8	9	2	34	25	25	false
25	8	10	2	35	25	25	false
25	8	11	2	36	25	25	false
25	8	12	2	37	25	25	false
25	8	13	2	38	25	25	false
25	8	14	2	39	25	25	false
25	8	15	2	40	25	25	false
25	8	16	2	41	25	25	false
25	8	17	2	42	25	25	false
25	9	1	2	26	25	25	false
25	9	2	2	27	25	25	false
25	9	3	2	28	25	25	false
25	9	4	2	29	25	25	false
25	9	5	2	30	25	25	false
25	9	6	2	31	25	25	false
25	9	7	2	32	25	25	false
25	9	8	2	33	25	25	false
25	9	9	2	34	25	25	false
25	9	10	2	35	25	25	false
25	9	11	2	36	25	25	false
25	9	12	2	37	25	25	false
25	9	13	2	38	25	25	false
25	9	14	2	39	25	25	false
25	9	15	2	40	25	25	false
25	9	16	2	41	25	25	false
25	10	1	2	26	25	25	false
25	10	2	2	27	25	25	false
25	10	3	2	28	25	25	false
25	10	4	2	29	25	25	false
25	10	5	2	30	25	25	false
25	10	6	2	31	25	25	false
25	10	7	2	32	25	25	false
25	10	8	2	33	25	25	false
25	10	9	2	34	25	25	false
25	10	10	2	35	25	25	false
25	10	11	2	36	25	25	false
25	10	12	2	37	25	25	false
25	10	13	2	38	25	25	false
25	10	14	2	39	25	25	false
25	10	15	2	40	25	25	false
25	11	1	2	26	25	25	false
25	11	2	2	27	25	25	false
25	11	3	2	28	25	25	false
25	11	4	2	29	25	25	false
25	11	5	2	30	25	25	false
25	11	6	2	31	25	25	false
25	11	7	2	32	25	25	false
25	11	8	2	33	25	25	false
25	11	9	2	34	25	25	false
25	11	10	2	35	25	25	false
25	11	11	2	36	25	25	false
25	11	12	2	37	25	25	false
25	11	13	2	38	25	25	false
25	11	14	2	39	25	25	false
25	12	1	2	26	25	25	false
25	12	2	2	27	25	25	false
25	12	3	2	28	25	25	false
25	12	4	2	29	25	25	false
25	12	5	2	30	25	25	false
25	12	6	2	31	25	25	false
25	12	7	2	32	25	25	false
25	12	8	2	33	25	25	false
25	12	9	2	34	25	25	false
25	12	10	2	35	25	25	false
25	12	11	2	36	25	25	false
25	12	12	2	37	25	25	false
25	12	13	2	38	25	25	false
25	13	1	2	26	25	25	false
25	13	2	2	27	25	25	false
25	13	3	2	28	25	25	false
25	13	4	2	29	25	25	false
25	13	5	2	30	25	25	false
25	13	6	2	31	25	25	false
25	13	7	2	32	25	25	false
25	13	8	2	33	25	25	false
25	13	9	2	34	25	25	false
25	13	10	2	35	25	25	false
25	13	11	2	36	25	25	false
25	13	12	2	37	25	25	false
25	14	1	2	26	25	25	false
25	14	2	2	27	25	25	false
25	14	3	2	28	25	25	false
25	14	4	2	29	25	25	false
25	14	5	2	30	25	25	false
25	14	6	2	31	25	25	false
25	14	7	2	32	25	25	false
25	14	8	2	33	25	25	false
25	14	9	2	34	25	25	false
25	14	10	2	35	25	25	false
25	14	11	2	36	25	25	false
25	15	1	2	26	25	25	false
25	15	2	2	27	25	25	false
25	15	3	2	28	25	25	false
25	15	4	2	29	25	25	false
25	15	5	2	30	25	25	false
25	15	6	2	31	25	25	false
25	15	7	2	32	25	25	false
25	15	8	2	33	25	25	false
25	15	9	2	34	25	25	false
25	15	10	2	35	25	25	false
25	16	1	2	26	25	25	false
25	16	2	2	27	25	25	false
25	16	3	2	28	25	25	false
25	16	4	2	29	25	25	false
25	16	5	2	30	25	25	false
25	16	6	2	31	25	25	false
25	16	7	2	32	25	25	false
25	16	8	2	33	25	25	false
25	16	9	2	34	25	25	false
25	17	1	2	26	25	25	false
25	17	2	2	27	25	25	false
25	17	3	2	28	25	25	false
25	17	4	2	29	25	25	false
25	17	5	2	30	25	25	false
25	17	6	2	31	25	25	false
25	17	7	2	32	25	25	false
25	17	8	2	33	25	25	false
25	18	1	2	26	25	25	false
25	18	2	2	27	25	25	false
25	18	3	2	28	25	25	false
25	18	4	2	29	25	25	false
25	18	5	2	30	25	25	false
25	18	6	2	31	25	25	false
25	18	7	2	32	25	25	false
25	19	1	2	26	25	25	false
25	19	2	2	27	25	25	false
25	19	3	2	28	25	25	false
25	19	4	2	29	25	25	false
25	19	5	2	30	25	25	false
25	19	6	2	31	25	25	false
25	20	1	2	26	25	25	false
25	20	2	2	27	25	25	false
25	20	3	2	28	25	25	false
25	20	4	2	29	25	25	false
25	20	5	2	30	25	25	false
25	21	1	2	26	25	25	false
25	21	2	2	27	25	25	false
25	21	3	2	28	25	25	false
25	21	4	2	29	25	25	false
25	22	1	2	26	25	25	false
25	22	2	2	27	25	25	false
25	22	3	2	28	25	25	false
25	23	1	2	26	25	25	false
25	23	2	2	27	25	25	false
25	24	1	2	26	25	25	false
26	0	1	2	27	26	26	false
26	0	2	2	28	26	26	false
26	0	3	2	29	26	26	false
26	0	4	2	30	26	26	false
26	0	5	2	31	26	26	false
26	0	6	2	32	26	26	false
26	0	7	2	33	26	26	false
26	0	8	2	34	26	26	false
26	0	9	2	35	26	26	false
26	0	10	2	36	26	26	false
26	0	11	2	37	26	26	false
26	0	12	2	38	26	26	false
26	0	13	2	39	26	26	false
26	0	14	2	40	26	26	false
26	0	15	2	41	26	26	false
26	0	16	2	42	26	26	false
26	0	17	2	43	26	26	false
26	0	18	2	44	26	26	false
26	0	19	2	45	26	26	false
26	0	20	2	46	26	26	false
26	0	21	2	47	26	26	false
26	0	22	2	48	26	26	false
26	0	23	2	49	26	26	false
26	0	24	2	50	26	26	false
26	0	25	2	51	26	26	false
26	0	26	2	52	26	26	false
26	1	1	2	27	26	26	false
26	1	2	2	28	26	26	false
26	1	3	2	29	26	26	false
26	1	4	2	30	26	26	false
26	1	5	2	31	26	26	false
26	1	6	2	32	26	26	false
26	1	7	2	33	26	26	false
26	1	8	2	34	26	26	false
26	1	9	2	35	26	26	false
26	1	10	2	36	26	26	false
26	1	11	2	37	26	26	false
26	1	12	2	38	26	26	false
26	1	13	2	39	26	26	false
26	1	14	2	40	26	26	false
26	1	15	2	41	26	26	false
26	1	16	2	42	26	26	false
26	1	17	2	43	26	26	false
26	1	18	2	44	26	26	false
26	1	19	2	45	26	26	false
26	1	20	2	46	26	26	false
26	1	21	2	47	26	26	false
26	1	22	2	48	26	26	false
26	1	23	2	49	26	26	false
26	1	24	2	50	26	26	false
26	1	25	2	51	26	26	false
26	2	1	2	27	26	26	false
26	2	2	2	28	26	26	false
26	2	3	2	29	26	26	false
26	2	4	2	30	26	26	false
26	2	5	2	31	26	26	false
26	2	6	2	32	26	26	false
26	2	7	2	33	26	26	false
26	2	8	2	34	26	26	false
26	2	9	2	35	26	26	false
26	2	10	2	36	26	26	false
26	2	11	2	37	26	26	false
26	2	12	2	38	26	26	false
26	2	13	2	39	26	26	false
26	2	14	2	40	26	26	false
26	2	15	2	41	26	26	false
26	2	16	2	42	26	26	false
26	2	17	2	43	26	26	false
26	2	18	2	44	26	26	false
26	2	19	2	45	26	26	false
26	2	20	2	46	26	26	false
26	2	21	2	47	26	26	false
26	2	22	2	48	26	26	false
26	2	23	2	49	26	26	false
26	2	24	2	50	26	26	false
26	3	1	2	27	26	26	false
26	3	2	2	28	26	26	false
26	3	3	2	29	26	26	false
26	3	4	2	30	26	26	false
26	3	5	2	31	26	26	false
26	3	6	2	32	26	26	false
26	3	7	2	33	26	26	false
26	3	8	2	34	26	26	false
26	3	9	2	35	26	26	false
26	3	10	2	36	26	26	false
26	3	11	2	37	26	26	false
26	3	12	2	38	26	26	false
26	3	13	2	39	26	26	false
26	3	14	2	40	26	26	false
26	3	15	2	41	26	26	false
26	3	16	2	42	26	26	false
26	3	17	2	43	26	26	false
26	3	18	2	44	26	26	false
26	3	19	2	45	26	26	false
26	3	20	2	46	26	26	false
26	3	21	2	47	26	26	false
26	3	22	2	48	26	26	false
26	3	23	2	49	26	26	false
26	4	1	2	27	26	26	false
26	4	2	2	28	26	26	false
26	4	3	2	29	26	26	false
26	4	4	2	30	26	26	false
26	4	5	2	31	26	26	false
26	4	6	2	32	26	26	false
26	4	7	2	33	26	26	false
26	4	8	2	34	26	26	false
26	4	9	2	35	26	26	false
26	4	10	2	36	26	26	false
26	4	11	2	37	26	26	false
26	4	12	2	38	26	26	false
26	4	13	2	39	26	26	false
26	4	14	2	40	26	26	false
26	4	15	2	41	26	26	false
26	4	16	2	42	26	26	false
26	4	17	2	43	26	26	false
26	4	18	2	44	26	26	false
26	4	19	2	45	26	26	false
26	4	20	2	46	26	26	false
26	4	21	2	47	26	26	false
26	4	22	2	48	26	26	false
26	5	1	2	27	26	26	false
26	5	2	2	28	26	26	false
26	5	3	2	29	26	26	false
26	5	4	2	30	26	26	false
26	5	5	2	31	26	26	false
26	5	6	2	32	26	26	false
26	5	7	2	33	26	26	false
26	5	8	2	34	26	26	false
26	5	9	2	35	26	26	false
26	5	10	2	36	26	26	false
26	5	11	2	37	26	26	false
26	5	12	2	38	26	26	false
26	5	13	2	39	26	26	false
26	5	14	2	40	26	26	false
26	5	15	2	41	26	26	false
26	5	16	2	42	26	26	false
26	5	17	2	43	26	26	false
26	5	18	2	44	26	26	false
26	5	19	2	45	26	26	false
26	5	20	2	46	26	26	false
26	5	21	2	47	26	26	false
26	6	1	2	27	26	26	false
26	6	2	2	28	26	26	false
26	6	3	2	29	26	26	false
26	6	4	2	30	26	26	false
26	6	5	2	31	26	26	false
26	6	6	2	32	26	26	false
26	6	7	2	33	26	26	false
26	6	8	2	34	26	26	false
26	6	9	2	35	26	26	false
26	6	10	2	36	26	26	false
26	6	11	2	37	26	26	false
26	6	12	2	38	26	26	false
26	6	13	2	39	26	26	false
26	6	14	2	40	26	26	false
26	6	15	2	41	26	26	false
26	6	16	2	42	26	26	false
26	6	17	2	43	26	26	false
26	6	18	2	44	26	26	false
26	6	19	2	45	26	26	false
26	6	20	2	46	26	26	false
26	7	1	2	27	26	26	false
26	7	2	2	28	26	26	false
26	7	3	2	29	26	26	false
26	7	4	2	30	26	26	false
26	7	5	2	31	26	26	false
26	7	6	2	32	26	26	false
26	7	7	2	33	26	26	false
26	7	8	2	34	26	26	false
26	7	9	2	35	26	26	false
26	7	10	2	36	26	26	false
26	7	11	2	37	26	26	false
26	7	12	2	38	26	26	false
26	7	13	2	39	26	26	false
26	7	14	2	40	26	26	false
26	7	15	2	41	26	26	false
26	7	16	2	42	26	26	false
26	7	17	2	43	26	26	false
26	7	18	2	44	26	26	false
26	7	19	2	45	26	26	false
26	8	1	2	27	26	26	false
26	8	2	2	28	26	26	false
26	8	3	2	29	26	26	false
26	8	4	2	30	26	26	false
26	8	5	2	31	26	26	false
26	8	6	2	32	26	26	false
26	8	7	2	33	26	26	false
26	8	8	2	34	26	26	false
26	8	9	2	35	26	26	false
26	8	10	2	36	26	26	false
26	8	11	2	37	26	26	false
26	8	12	2	38	26	26	false
26	8	13	2	39	26	26	false
26	8	14	2	40	26	26	false
26	8	15	2	41	26	26	false
26	8	16	2	42	26	26	false
26	8	17	2	43	26	26	false
26	8	18	2	44	26	26	false
26	9	1	2	27	26	26	false
26	9	2	2	28	26	26	false
26	9	3	2	29	26	26	false
26	9	4	2	30	26	26	false
26	9	5	2	31	26	26	false
26	9	6	2	32	26	26	false
26	9	7	2	33	26	26	false
26	9	8	2	34	26	26	false
26	9	9	2	35	26	26	false
26	9	10	2	36	26	26	false
26	9	11	2	37	26	26	false
26	9	12	2	38	26	26	false
26	9	13	2	39	26	26	false
26	9	14	2	40	26	26	false
26	9	15	2	41	26	26	false
26	9	16	2	42	26	26	false
26	9	17	2	43	26	26	false
26	10	1	2	27	26	26	false
26	10	2	2	28	26	26	false
26	10	3	2	29	26	26	false
26	10	4	2	30	26	26	false
26	10	5	2	31	26	26	false
26	10	6	2	32	26	26	false
26	10	7	2	33	26	26	false
26	10	8	2	34	26	26	false
26	10	9	2	35	26	26	false
26	10	10	2	36	26	26	false
26	10	11	2	37	26	26	false
26	10	12	2	38	26	26	false
26	10	13	2	39	26	26	false
26	10	14	2	40	26	26	false
26	10	15	2	41	26	26	false
26	10	16	2	42	26	26	false
26	11	1	2	27	26	26	false
26	11	2	2	28	26	26	false
26	11	3	2	29	26	26	false
26	11	4	2	30	26	26	false
26	11	5	2	31	26	26	false
26	11	6	2	32	26	26	false
26	11	7	2	33	26	26	false
26	11	8	2	34	26	26	false
26	11	9	2	35	26	26	false
26	11	10	2	36	26	26	false
26	11	11	2	37	26	26	false
26	11	12	2	38	26	26	false
26	11	13	2	39	26	26	false
26	11	14	2	40	26	26	false
26	11	15	2	41	26	26	false
26	12	1	2	27	26	26	false
26	12	2	2	28	26	26	false
26	12	3	2	29	26	26	false
26	12	4	2	30	26	26	false
26	12	5	2	31	26	26	false
26	12	6	2	32	26	26	false
26	12	7	2	33	26	26	false
26	12	8	2	34	26	26	false
26	12	9	2	35	26	26	false
26	12	10	2	36	26	26	false
26	12	11	2	37	26	26	false
26	12	12	2	38	26	26	false
26	12	13	2	39	26	26	false
26	12	14	2	40	26	26	false
26	13	1	2	27	26	26	false
26	13	2	2	28	26	26	false
26	13	3	2	29	26	26	false
26	13	4	2	30	26	26	false
26	13	5	2	31	26	26	false
26	13	6	2	32	26	26	false
26	13	7	2	33	26	26	false
26	13	8	2	34	26	26	false
26	13	9	2	35	26	26	false
26	13	10	2	36	26	26	false
26	13	11	2	37	26	26	false
26	13	12	2	38	26	26	false
26	13	13	2	39	26	26	false
26	14	1	2	27	26	26	false
26	14	2	2	28	26	26	false
26	14	3	2	29	26	26	false
26	14	4	2	30	26	26	false
26	14	5	2	31	26	26	false
26	14	6	2	32	26	26	false
26	14	7	2	33	26	26	false
26	14	8	2	34	26	26	false
26	14	9	2	35	26	26	false
26	14	10	2	36	26	26	false
26	14	11	2	37	26	26	false
26	14	12	2	38	26	26	false
26	15	1	2	27	26	26	false
26	15	2	2	28	26	26	false
26	15	3	2	29	26	26	false
26	15	4	2	30	26	26	false
26	15	5	2	31	26	26	false
26	15	6	2	32	26	26	false
26	15	7	2	33	26	26	false
26	15	8	2	34	26	26	false
26	15	9	2	35	26	26	false
26	15	10	2	36	26	26	false
26	15	11	2	37	26	26	false
26	16	1	2	27	26	26	false
26	16	2	2	28	26	26	false
26	16	3	2	29	26	26	false
26	16	4	2	30	26	26	false
26	16	5	2	31	26	26	false
26	16	6	2	32	26	26	false
26	16	7	2	33	26	26	false
26	16	8	2	34	26	26	false
26	16	9	2	35	26	26	false
26	16	10	2	36	26	26	false
26	17	1	2	27	26	26	false
26	17	2	2	28	26	26	false
26	17	3	2	29	26	26	false
26	17	4	2	30	26	26	false
26	17	5	2	31	26	26	false
26	17	6	2	32	26	26	false
26	17	7	2	33	26	26	false
26	17	8	2	34	26	26	false
26	17	9	2	35	26	26	false
26	18	1	2	27	26	26	false
26	18	2	2	28	26	26	false
26	18	3	2	29	26	26	false
26	18	4	2	30	26	26	false
26	18	5	2	31	26	26	false
26	18	6	2	32	26	26	false
26	18	7	2	33	26	26	false
26	18	8	2	34	26	26	false
26	19	1	2	27	26	26	false
26	19	2	2	28	26	26	false
26	19	3	2	29	26	26	false
26	19	4	2	30	26	26	false
26	19	5	2	31	26	26	false
26	19	6	2	32	26	26	false
26	19	7	2	33	26	26	false
26	20	1	2	27	26	26	false
26	20	2	2	28	26	26	false
26	20	3	2	29	26	26	false
26	20	4	2	30	26	26	false
26	20	5	2	31	26	26	false
26	20	6	2	32	26	26	false
26	21	1	2	27	26	26	false
26	21	2	2	28	26	26	false
26	21	3	2	29	26	26	false
26	21	4	2	30	26	26	false
26	21	5	2	31	26	26	false
26	22	1	2	27	26	26	false
26	22	2	2	28	26	26	false
26	22	3	2	29	26	26	false
26	22	4	2	30	26	26	false
26	23	1	2	27	26	26	false
26	23	2	2	28	26	26	false
26	23	3	2	29	26	26	false
26	24	1	2	27	26	26	false
26	24	2	2	28	26	26	false
26	25	1	2	27	26	26	false
27	0	1	2	28	27	27	false
27	0	2	2	29	27	27	false
27	0	3	2	30	27	27	false
27	0	4	2	31	27	27	false
27	0	5	2	32	27	27	false
27	0	6	2	33	27	27	false
27	0	7	2	34	27	27	false
27	0	8	2	35	27	27	false
27	0	9	2	36	27	27	false
27	0	10	2	37	27	27	false
27	0	11	2	38	27	27	false
27	0	12	2	39	27	27	false
27	0	13	2	40	27	27	false
27	0	14	2	41	27	27	false
27	0	15	2	42	27	27	false
27	0	16	2	43	27	27	false
27	0	17	2	44	27	27	false
27	0	18	2	45	27	27	false
27	0	19	2	46	27	27	false
27	0	20	2	47	27	27	false
27	0	21	2	48	27	27	false
27	0	22	2	49	27	27	false
27	0	23	2	50	27	27	false
27	0	24	2	51	27	27	false
27	0	25	2	52	27	27	false
27	0	26	2	53	27	27	false
27	0	27	2	54	27	27	false
27	1	1	2	28	27	27	false
27	1	2	2	29	27	27	false
27	1	3	2	30	27	27	false
27	1	4	2	31	27	27	false
27	1	5	2	32	27	27	false
27	1	6	2	33	27	27	false
27	1	7	2	34	27	27	false
27	1	8	2	35	27	27	false
27	1	9	2	36	27	27	false
27	1	10	2	37	27	27	false
27	1	11	2	38	27	27	false
27	1	12	2	39	27	27	false
27	1	13	2	40	27	27	false
27	1	14	2	41	27	27	false
27	1	15	2	42	27	27	false
27	1	16	2	43	27	27	false
27	1	17	2	44	27	27	false
27	1	18	2	45	27	27	false
27	1	19	2	46	27	27	false
27	1	20	2	47	27	27	false
27	1	21	2	48	27	27	false
27	1	22	2	49	27	27	false
27	1	23	2	50	27	27	false
27	1	24	2	51	27	27	false
27	1	25	2	52	27	27	false
27	1	26	2	53	27	27	false
27	2	1	2	28	27	27	false
27	2	2	2	29	27	27	false
27	2	3	2	30	27	27	false
27	2	4	2	31	27	27	false
27	2	5	2	32	27	27	false
27	2	6	2	33	27	27	false
27	2	7	2	34	27	27	false
27	2	8	2	35	27	27	false
27	2	9	2	36	27	27	false
27	2	10	2	37	27	27	false
27	2	11	2	38	27	27	false
27	2	12	2	39	27	27	false
27	2	13	2	40	27	27	false
27	2	14	2	41	27	27	false
27	2	15	2	42	27	27	false
27	2	16	2	43	27	27	false
27	2	17	2	44	27	27	false
27	2	18	2	45	27	27	false
27	2	19	2	46	27	27	false
27	2	20	2	47	27	27	false
27	2	21	2	48	27	27	false
27	2	22	2	49	27	27	false
27	2	23	2	50	27	27	false
27	2	24	2	51	27	27	false
27	2	25	2	52	27	27	false
27	3	1	2	28	27	27	false
27	3	2	2	29	27	27	false
27	3	3	2	30	27	27	false
27	3	4	2	31	27	27	false
27	3	5	2	32	27	27	false
27	3	6	2	33	27	27	false
27	3	7	2	34	27	27	false
27	3	8	2	35	27	27	false
27	3	9	2	36	27	27	false
27	3	10	2	37	27	27	false
27	3	11	2	38	27	27	false
27	3	12	2	39	27	27	false
27	3	13	2	40	27	27	false
27	3	14	2	41	27	27	false
27	3	15	2	42	27	27	false
27	3	16	2	43	27	27	false
27	3	17	2	44	27	27	false
27	3	18	2	45	27	27	false
27	3	19	2	46	27	27	false
27	3	20	2	47	27	27	false
27	3	21	2	48	27	27	false
27	3	22	2	49	27	27	false
27	3	23	2	50	27	27	false
27	3	24	2	51	27	27	false
27	4	1	2	28	27	27	false
27	4	2	2	29	27	27	false
27	4	3	2	30	27	27	false
27	4	4	2	31	27	27	false
27	4	5	2	32	27	27	false
27	4	6	2	33	27	27	false
27	4	7	2	34	27	27	false
27	4	8	2	35	27	27	false
27	4	9	2	36	27	27	false
27	4	10	2	37	27	27	false
27	4	11	2	38	27	27	false
27	4	12	2	39	27	27	false
27	4	13	2	40	27	27	false
27	4	14	2	41	27	27	false
27	4	15	2	42	27	27	false
27	4	16	2	43	27	27	false
27	4	17	2	44	27	27	false
27	4	18	2	45	27	27	false
27	4	19	2	46	27	27	false
27	4	20	2	47	27	27	false
27	4	21	2	48	27	27	false
27	4	22	2	49	27	27	false
27	4	23	2	50	27	27	false
27	5	1	2	28	27	27	false
27	5	2	2	29	27	27	false
27	5	3	2	30	27	27	false
27	5	4	2	31	27	27	false
27	5	5	2	32	27	27	false
27	5	6	2	33	27	27	false
27	5	7	2	34	27	27	false
27	5	8	2	35	27	27	false
27	5	9	2	36	27	27	false
27	5	10	2	37	27	27	false
27	5	11	2	38	27	27	false
27	5	12	2	39	27	27	false
27	5	13	2	40	27	27	false
27	5	14	2	41	27	27	false
27	5	15	2	42	27	27	false
27	5	16	2	43	27	27	false
27	5	17	2	44	27	27	false
27	5	18	2	45	27	27	false
27	5	19	2	46	27	27	false
27	5	20	2	47	27	27	false
27	5	21	2	48	27	27	false
27	5	22	2	49	27	27	false
27	6	1	2	28	27	27	false
27	6	2	2	29	27	27	false
27	6	3	2	30	27	27	false
27	6	4	2	31	27	27	false
27	6	5	2	32	27	27	false
27	6	6	2	33	27	27	false
27	6	7	2	34	27	27	false
27	6	8	2	35	27	27	false
27	6	9	2	36	27	27	false
27	6	10	2	37	27	27	false
27	6	11	2	38	27	27	false
27	6	12	2	39	27	27	false
27	6	13	2	40	27	27	false
27	6	14	2	41	27	27	false
27	6	15	2	42	27	27	false
27	6	16	2	43	27	27	false
27	6	17	2	44	27	27	false
27	6	18	2	45	27	27	false
27	6	19	2	46	27	27	false
27	6	20	2	47	27	27	false
27	6	21	2	48	27	27	false
27	7	1	2	28	27	27	false
27	7	2	2	29	27	27	false
27	7	3	2	30	27	27	false
27	7	4	2	31	27	27	false
27	7	5	2	32	27	27	false
27	7	6	2	33	27	27	false
27	7	7	2	34	27	27	false
27	7	8	2	35	27	27	false
27	7	9	2	36	27	27	false
27	7	10	2	37	27	27	false
27	7	11	2	38	27	27	false
27	7	12	2	39	27	27	false
27	7	13	2	40	27	27	false
27	7	14	2	41	27	27	false
27	7	15	2	42	27	27	false
27	7	16	2	43	27	27	false
27	7	17	2	44	27	27	false
27	7	18	2	45	27	27	false
27	7	19	2	46	27	27	false
27	7	20	2	47	27	27	false
27	8	1	2	28	27	27	false
27	8	2	2	29	27	27	false
27	8	3	2	30	27	27	false
27	8	4	2	31	27	27	false
27	8	5	2	32	27	27	false
27	8	6	2	33	27	27	false
27	8	7	2	34	27	27	false
27	8	8	2	35	27	27	false
27	8	9	2	36	27	27	false
27	8	10	2	37	27	27	false
27	8	11	2	38	27	27	false
27	8	12	2	39	27	27	false
27	8	13	2	40	27	27	false
27	8	14	2	41	27	27	false
27	8	15	2	42	27	27	false
27	8	16	2	43	27	27	false
27	8	17	2	44	27	27	false
27	8	18	2	45	27	27	false
27	8	19	2	46	27	27	false
27	9	1	2	28	27	27	false
27	9	2	2	29	27	27	false
27	9	3	2	30	27	27	false
27	9	4	2	31	27	27	false
27	9	5	2	32	27	27	false
27	9	6	2	33	27	27	false
27	9	7	2	34	27	27	false
27	9	8	2	35	27	27	false
27	9	9	2	36	27	27	false
27	9	10	2	37	27	27	false
27	9	11	2	38	27	27	false
27	9	12	2	39	27	27	false
27	9	13	2	40	27	27	false
27	9	14	2	41	27	27	false
27	9	15	2	42	27	27	false
27	9	16	2	43	27	27	false
27	9	17	2	44	27	27	false
27	9	18	2	45	27	27	false
27	10	1	2	28	27	27	false
27	10	2	2	29	27	27	false
27	10	3	2	30	27	27	false
27	10	4	2	31	27	27	false
27	10	5	2	32	27	27	false
27	10	6	2	33	27	27	false
27	10	7	2	34	27	27	false
27	10	8	2	35	27	27	false
27	10	9	2	36	27	27	false
27	10	10	2	37	27	27	false
27	10	11	2	38	27	27	false
27	10	12	2	39	27	27	false
27	10	13	2	40	27	27	false
27	10	14	2	41	27	27	false
27	10	15	2	42	27	27	false
27	10	16	2	43	27	27	false
27	10	17	2	44	27	27	false
27	11	1	2	28	27	27	false
27	11	2	2	29	27	27	false
27	11	3	2	30	27	27	false
27	11	4	2	31	27	27	false
27	11	5	2	32	27	27	false
27	11	6	2	33	27	27	false
27	11	7	2	34	27	27	false
27	11	8	2	35	27	27	false
27	11	9	2	36	27	27	false
27	11	10	2	37	27	27	false
27	11	11	2	38	27	27	false
27	11	12	2	39	27	27	false
27	11	13	2	40	27	27	false
27	11	14	2	41	27	27	false
27	11	15	2	42	27	27	false
27	11	16	2	43	27	27	false
27	12	1	2	28	27	27	false
27	12	2	2	29	27	27	false
27	12	3	2	30	27	27	false
27	12	4	2	31	27	27	false
27	12	5	2	32	27	27	false
27	12	6	2	33	27	27	false
27	12	7	2	34	27	27	false
27	12	8	2	35	27	27	false
27	12	9	2	36	27	27	false
27	12	10	2	37	27	27	false
27	12	11	2	38	27	27	false
27	12	12	2	39	27	27	false
27	12	13	2	40	27	27	false
27	12	14	2	41	27	27	false
27	12	15	2	42	27	27	false
27	13	1	2	28	27	27	false
27	13	2	2	29	27	27	false
27	13	3	2	30	27	27	false
27	13	4	2	31	27	27	false
27	13	5	2	32	27	27	false
27	13	6	2	33	27	27	false
27	13	7	2	34	27	27	false
27	13	8	2	35	27	27	false
27	13	9	2	36	27	27	false
27	13	10	2	37	27	27	false
27	13	11	2	38	27	27	false
27	13	12	2	39	27	27	false
27	13	13	2	40	27	27	false
27	13	14	2	41	27	27	false
27	14	1	2	28	27	27	false
27	14	2	2	29	27	27	false
27	14	3	2	30	27	27	false
27	14	4	2	31	27	27	false
27	14	5	2	32	27	27	false
27	14	6	2	33	27	27	false
27	14	7	2	34	27	27	false
27	14	8	2	35	27	27	false
27	14	9	2	36	27	27	false
27	14	10	2	37	27	27	false
27	14	11	2	38	27	27	false
27	14	12	2	39	27	27	false
27	14	13	2	40	27	27	false
27	15	1	2	28	27	27	false
27	15	2	2	29	27	27	false
27	15	3	2	30	27	27	false
27	15	4	2	31	27	27	false
27	15	5	2	32	27	27	false
27	15	6	2	33	27	27	false
27	15	7	2	34	27	27	false
27	15	8	2	35	27	27	false
27	15	9	2	36	27	27	false
27	15	10	2	37	27	27	false
27	15	11	2	38	27	27	false
27	15	12	2	39	27	27	false
27	16	1	2	28	27	27	false
27	16	2	2	29	27	27	false
27	16	3	2	30	27	27	false
27	16	4	2	31	27	27	false
27	16	5	2	32	27	27	false
27	16	6	2	33	27	27	false
27	16	7	2	34	27	27	false
27	16	8	2	35	27	27	false
27	16	9	2	36	27	27	false
27	16	10	2	37	27	27	false
27	16	11	2	38	27	27	false
27	17	1	2	28	27	27	false
27	17	2	2	29	27	27	false
27	17	3	2	30	27	27	false
27	17	4	2	31	27	27	false
27	17	5	2	32	27	27	false
27	17	6	2	33	27	27	false
27	17	7	2	34	27	27	false
27	17	8	2	35	27	27	false
27	17	9	2	36	27	27	false
27	17	10	2	37	27	27	false
27	18	1	2	28	27	27	false
27	18	2	2	29	27	27	false
27	18	3	2	30	27	27	false
27	18	4	2	31	27	27	false
27	18	5	2	32	27	27	false
27	18	6	2	33	27	27	false
27	18	7	2	34	27	27	false
27	18	8	2	35	27	27	false
27	18	9	2	36	27	27	false
27	19	1	2	28	27	27	false
27	19	2	2	29	27	27	false
27	19	3	2	30	27	27	false
27	19	4	2	31	27	27	false
27	19	5	2	32	27	27	false
27	19	6	2	33	27	27	false
27	19	7	2	34	27	27	false
27	19	8	2	35	27	27	false
27	20	1	2	28	27	27	false
27	20	2	2	29	27	27	false
27	20	3	2	30	27	27	false
27	20	4	2	31	27	27	false
27	20	5	2	32	27	27	false
27	20	6	2	33	27	27	false
27	20	7	2	34	27	27	false
27	21	1	2	28	27	27	false
27	21	2	2	29	27	27	false
27	21	3	2	30	27	27	false
27	21	4	2	31	27	27	false
27	21	5	2	32	27	27	false
27	21	6	2	33	27	27	false
27	22	1	2	28	27	27	false
27	22	2	2	29	27	27	false
27	22	3	2	30	27	27	false
27	22	4	2	31	27	27	false
27	22	5	2	32	27	27	false
27	23	1	2	28	27	27	false
27	23	2	2	29	27	27	false
27	23	3	2	30	27	27	false
27	23	4	2	31	27	27	false
27	24	1	2	28	27	27	false
27	24	2	2	29	27	27	false
27	24	3	2	30	27	27	false
27	25	1	2	28	27	27	false
27	25	2	2	29	27	27	false
27	26	1	2	28	27	27	false
28	0	1	2	29	28	28	false
28	0	2	2	30	28	28	false
28	0	3	2	31	28	28	false
28	0	4	2	32	28	28	false
28	0	5	2	33	28	28	false
28	0	6	2	34	28	28	false
28	0	7	2	35	28	28	false
28	0	8	2	36	28	28	false
28	0	9	2	37	28	28	false
28	0	10	2	38	28	28	false
28	0	11	2	39	28	28	false
28	0	12	2	40	28	28	false
28	0	13	2	41	28	28	false
28	0	14	2	42	28	28	false
28	0	15	2	43	28	28	false
28	0	16	2	44	28	28	false
28	0	17	2	45	28	28	false
28	0	18	2	46	28	28	false
28	0	19	2	47	28	28	false
28	0	20	2	48	28	28	false
28	0	21	2	49	28	28	false
28	0	22	2	50	28	28	false
28	0	23	2	51	28	28	false
28	0	24	2	52	28	28	false
28	0	25	2	53	28	28	false
28	0	26	2	54	28	28	false
28	0	27	2	55	28	28	false
28	0	28	2	56	28	28	false
28	1	1	2	29	28	28	false
28	1	2	2	30	28	28	false
28	1	3	2	31	28	28	false
28	1	4	2	32	28	28	false
28	1	5	2	33	28	28	false
28	1	6	2	34	28	28	false
28	1	7	2	35	28	28	false
28	1	8	2	36	28	28	false
28	1	9	2	37	28	28	false
28	1	10	2	38	28	28	false
28	1	11	2	39	28	28	false
28	1	12	2	40	28	28	false
28	1	13	2	41	28	28	false
28	1	14	2	42	28	28	false
28	1	15	2	43	28	28	false
28	1	16	2	44	28	28	false
28	1	17	2	45	28	28	false
28	1	18	2	46	28	28	false
28	1	19	2	47	28	28	false
28	1	20	2	48	28	28	false
28	1	21	2	49	28	28	false
28	1	22	2	50	28	28	false
28	1	23	2	51	28	28	false
28	1	24	2	52	28	28	false
28	1	25	2	53	28	28	false
28	1	26	2	54	28	28	false
28	1	27	2	55	28	28	false
28	2	1	2	29	28	28	false
28	2	2	2	30	28	28	false
28	2	3	2	31	28	28	false
28	2	4	2	32	28	28	false
28	2	5	2	33	28	28	false
28	2	6	2	34	28	28	false
28	2	7	2	35	28	28	false
28	2	8	2	36	28	28	false
28	2	9	2	37	28	28	false
28	2	10	2	38	28	28	false
28	2	11	2	39	28	28	false
28	2	12	2	40	28	28	false
28	2	13	2	41	28	28	false
28	2	14	2	42	28	28	false
28	2	15	2	43	28	28	false
28	2	16	2	44	28	28	false
28	2	17	2	45	28	28	false
28	2	18	2	46	28	28	false
28	2	19	2	47	28	28	false
28	2	20	2	48	28	28	false
28	2	21	2	49	28	28	false
28	2	22	2	50	28	28	false
28	2	23	2	51	28	28	false
28	2	24	2	52	28	28	false
28	2	25	2	53	28	28	false
28	2	26	2	54	28	28	false
28	3	1	2	29	28	28	false
28	3	2	2	30	28	28	false
28	3	3	2	31	28	28	false
28	3	4	2	32	28	28	false
28	3	5	2	33	28	28	false
28	3	6	2	34	28	28	false
28	3	7	2	35	28	28	false
28	3	8	2	36	28	28	false
28	3	9	2	37	28	28	false
28	3	10	2	38	28	28	false
28	3	11	2	39	28	28	false
28	3	12	2	40	28	28	false
28	3	13	2	41	28	28	false
28	3	14	2	42	28	28	false
28	3	15	2	43	28	28	false
28	3	16	2	44	28	28	false
28	3	17	2	45	28	28	false
28	3	18	2	46	28	28	false
28	3	19	2	47	28	28	false
28	3	20	2	48	28	28	false
28	3	21	2	49	28	28	false
28	3	22	2	50	28	28	false
28	3	23	2	51	28	28	false
28	3	24	2	52	28	28	false
28	3	25	2	53	28	28	false
28	4	1	2	29	28	28	false
28	4	2	2	30	28	28	false
28	4	3	2	31	28	28	false
28	4	4	2	32	28	28	false
28	4	5	2	33	28	28	false
28	4	6	2	34	28	28	false
28	4	7	2	35	28	28	false
28	4	8	2	36	28	28	false
28	4	9	2	37	28	28	false
28	4	10	2	38	28	28	false
28	4	11	2	39	28	28	false
28	4	12	2	40	28	28	false
28	4	13	2	41	28	28	false
28	4	14	2	42	28	28	false
28	4	15	2	43	28	28	false
28	4	16	2	44	28	28	false
28	4	17	2	45	28	28	false
28	4	18	2	46	28	28	false
28	4	19	2	47	28	28	false
28	4	20	2	48	28	28	false
28	4	21	2	49	28	28	false
28	4	22	2	50	28	28	false
28	4	23	2	51	28	28	false
28	4	24	2	52	28	28	false
28	5	1	2	29	28	28	false
28	5	2	2	30	28	28	false
28	5	3	2	31	28	28	false
28	5	4	2	32	28	28	false
28	5	5	2	33	28	28	false
28	5	6	2	34	28	28	false
28	5	7	2	35	28	28	false
28	5	8	2	36	28	28	false
28	5	9	2	37	28	28	false
28	5	10	2	38	28	28	false
28	5	11	2	39	28	28	false
28	5	12	2	40	28	28	false
28	5	13	2	41	28	28	false
28	5	14	2	42	28	28	false
28	5	15	2	43	28	28	false
28	5	16	2	44	28	28	false
28	5	17	2	45	28	28	false
28	5	18	2	46	28	28	false
28	5	19	2	47	28	28	false
28	5	20	2	48	28	28	false
28	5	21	2	49	28	28	false
28	5	22	2	50	28	28	false
28	5	23	2	51	28	28	false
28	6	1	2	29	28	28	false
28	6	2	2	30	28	28	false
28	6	3	2	31	28	28	false
28	6	4	2	32	28	28	false
28	6	5	2	33	28	28	false
28	6	6	2	34	28	28	false
28	6	7	2	35	28	28	false
28	6	8	2	36	28	28	false
28	6	9	2	37	28	28	false
28	6	10	2	38	28	28	false
28	6	11	2	39	28	28	false
28	6	12	2	40	28	28	false
28	6	13	2	41	28	28	false
28	6	14	2	42	28	28	false
28	6	15	2	43	28	28	false
28	6	16	2	44	28	28	false
28	6	17	2	45	28	28	false
28	6	18	2	46	28	28	false
28	6	19	2	47	28	28	false
28	6	20	2	48	28	28	false
28	6	21	2	49	28	28	false
28	6	22	2	50	28	28	false
28	7	1	2	29	28	28	false
28	7	2	2	30	28	28	false
28	7	3	2	31	28	28	false
28	7	4	2	32	28	28	false
28	7	5	2	33	28	28	false
28	7	6	2	34	28	28	false
28	7	7	2	35	28	28	false
28	7	8	2	36	28	28	false
28	7	9	2	37	28	28	false
28	7	10	2	38	28	28	false
28	7	11	2	39	28	28	false
28	7	12	2	40	28	28	false
28	7	13	2	41	28	28	false
28	7	14	2	42	28	28	false
28	7	15	2	43	28	28	false
28	7	16	2	44	28	28	false
28	7	17	2	45	28	28	false
28	7	18	2	46	28	28	false
28	7	19	2	47	28	28	false
28	7	20	2	48	28	28	false
28	7	21	2	49	28	28	false
28	8	1	2	29	28	28	false
28	8	2	2	30	28	28	false
28	8	3	2	31	28	28	false
28	8	4	2	32	28	28	false
28	8	5	2	33	28	28	false
28	8	6	2	34	28	28	false
28	8	7	2	35	28	28	false
28	8	8	2	36	28	28	false
28	8	9	2	37	28	28	false
28	8	10	2	38	28	28	false
28	8	11	2	39	28	28	false
28	8	12	2	40	28	28	false
28	8	13	2	41	28	28	false
28	8	14	2	42	28	28	false
28	8	15	2	43	28	28	false
28	8	16	2	44	28	28	false
28	8	17	2	45	28	28	false
28	8	18	2	46	28	28	false
28	8	19	2	47	28	28	false
28	8	20	2	48	28	28	false
28	9	1	2	29	28	28	false
28	9	2	2	30	28	28	false
28	9	3	2	31	28	28	false
28	9	4	2	32	28	28	false
28	9	5	2	33	28	28	false
28	9	6	2	34	28	28	false
28	9	7	2	35	28	28	false
28	9	8	2	36	28	28	false
28	9	9	2	37	28	28	false
28	9	10	2	38	28	28	false
28	9	11	2	39	28	28	false
28	9	12	2	40	28	28	false
28	9	13	2	41	28	28	false
28	9	14	2	42	28	28	false
28	9	15	2	43	28	28	false
28	9	16	2	44	28	28	false
28	9	17	2	45	28	28	false
28	9	18	2	46	28	28	false
28	9	19	2	47	28	28	false
28	10	1	2	29	28	28	false
28	10	2	2	30	28	28	false
28	10	3	2	31	28	28	false
28	10	4	2	32	28	28	false
28	10	5	2	33	28	28	false
28	10	6	2	34	28	28	false
28	10	7	2	35	28	28	false
28	10	8	2	36	28	28	false
28	10	9	2	37	28	28	false
28	10	10	2	38	28	28	false
28	10	11	2	39	28	28	false
28	10	12	2	40	28	28	false
28	10	13	2	41	28	28	false
28	10	14	2	42	28	28	false
28	10	15	2	43	28	28	false
28	10	16	2	44	28	28	false
28	10	17	2	45	28	28	false
28	10	18	2	46	28	28	false
28	11	1	2	29	28	28	false
28	11	2	2	30	28	28	false
28	11	3	2	31	28	28	false
28	11	4	2	32	28	28	false
28	11	5	2	33	28	28	false
28	11	6	2	34	28	28	false
28	11	7	2	35	28	28	false
28	11	8	2	36	28	28	false
28	11	9	2	37	28	28	false
28	11	10	2	38	28	28	false
28	11	11	2	39	28	28	false
28	11	12	2	40	28	28	false
28	11	13	2	41	28	28	false
28	11	14	2	42	28	28	false
28	11	15	2	43	28	28	false
28	11	16	2	44	28	28	false
28	11	17	2	45	28	28	false
28	12	1	2	29	28	28	false
28	12	2	2	30	28	28	false
28	12	3	2	31	28	28	false
28	12	4	2	32	28	28	false
28	12	5	2	33	28	28	false
28	12	6	2	34	28	28	false
28	12	7	2	35	28	28	false
28	12	8	2	36	28	28	false
28	12	9	2	37	28	28	false
28	12	10	2	38	28	28	false
28	12	11	2	39	28	28	false
28	12	12	2	40	28	28	false
28	12	13	2	41	28	28	false
28	12	14	2	42	28	28	false
28	12	15	2	43	28	28	false
28	12	16	2	44	28	28	false
28	13	1	2	29	28	28	false
28	13	2	2	30	28	28	false
28	13	3	2	31	28	28	false
28	13	4	2	32	28	28	false
28	13	5	2	33	28	28	false
28	13	6	2	34	28	28	false
28	13	7	2	35	28	28	false
28	13	8	2	36	28	28	false
28	13	9	2	37	28	28	false
28	13	10	2	38	28	28	false
28	13	11	2	39	28	28	false
28	13	12	2	40	28	28	false
28	13	13	2	41	28	28	false
28	13	14	2	42	28	28	false
28	13	15	2	43	28	28	false
28	14	1	2	29	28	28	false
28	14	2	2	30	28	28	false
28	14	3	2	31	28	28	false
28	14	4	2	32	28	28	false
28	14	5	2	33	28	28	false
28	14	6	2	34	28	28	false
28	14	7	2	35	28	28	false
28	14	8	2	36	28	28	false
28	14	9	2	37	28	28	false
28	14	10	2	38	28	28	false
28	14	11	2	39	28	28	false
28	14	12	2	40	28	28	false
28	14	13	2	41	28	28	false
28	14	14	2	42	28	28	false
28	15	1	2	29	28	28	false
28	15	2	2	30	28	28	false
28	15	3	2	31	28	28	false
28	15	4	2	32	28	28	false
28	15	5	2	33	28	28	false
28	15	6	2	34	28	28	false
28	15	7	2	35	28	28	false
28	15	8	2	36	28	28	false
28	15	9	2	37	28	28	false
28	15	10	2	38	28	28	false
28	15	11	2	39	28	28	false
28	15	12	2	40	28	28	false
28	15	13	2	41	28	28	false
28	16	1	2	29	28	28	false
28	16	2	2	30	28	28	false
28	16	3	2	31	28	28	false
28	16	4	2	32	28	28	false
28	16	5	2	33	28	28	false
28	16	6	2	34	28	28	false
28	16	7	2	35	28	28	false
28	16	8	2	36	28	28	false
28	16	9	2	37	28	28	false
28	16	10	2	38	28	28	false
28	16	11	2	39	28	28	false
28	16	12	2	40	28	28	false
28	17	1	2	29	28	28	false
28	17	2	2	30	28	28	false
28	17	3	2	31	28	28	false
28	17	4	2	32	28	28	false
28	17	5	2	33	28	28	false
28	17	6	2	34	28	28	false
28	17	7	2	35	28	28	false
28	17	8	2	36	28	28	false
28	17	9	2	37	28	28	false
28	17	10	2	38	28	28	false
28	17	11	2	39	28	28	false
28	18	1	2	29	28	28	false
28	18	2	2	30	28	28	false
28	18	3	2	31	28	28	false
28	18	4	2	32	28	28	false
28	18	5	2	33	28	28	false
28	18	6	2	34	28	28	false
28	18	7	2	35	28	28	false
28	18	8	2	36	28	28	false
28	18	9	2	37	28	28	false
28	18	10	2	38	28	28	false
28	19	1	2	29	28	28	false
28	19	2	2	30	28	28	false
28	19	3	2	31	28	28	false
28	19	4	2	32	28	28	false
28	19	5	2	33	28	28	false
28	19	6	2	34	28	28	false
28	19	7	2	35	28	28	false
28	19	8	2	36	28	28	false
28	19	9	2	37	28	28	false
28	20	1	2	29	28	28	false
28	20	2	2	30	28	28	false
28	20	3	2	31	28	28	false
28	20	4	2	32	28	28	false
28	20	5	2	33	28	28	false
28	20	6	2	34	28	28	false
28	20	7	2	35	28	28	false
28	20	8	2	36	28	28	false
28	21	1	2	29	28	28	false
28	21	2	2	30	28	28	false
28	21	3	2	31	28	28	false
28	21	4	2	32	28	28	false
28	21	5	2	33	28	28	false
28	21	6	2	34	28	28	false
28	21	7	2	35	28	28	false
28	22	1	2	29	28	28	false
28	22	2	2	30	28	28	false
28	22	3	2	31	28	28	false
28	22	4	2	32	28	28	false
28	22	5	2	33	28	28	false
28	22	6	2	34	28	28	false
28	23	1	2	29	28	28	false
28	23	2	2	30	28	28	false
28	23	3	2	31	28	28	false
28	23	4	2	32	28	28	false
28	23	5	2	33	28	28	false
28	24	1	2	29	28	28	false
28	24	2	2	30	28	28	false
28	24	3	2	31	28	28	false
28	24	4	2	32	28	28	false
28	25	1	2	29	28	28	false
28	25	2	2	30	28	28	false
28	25	3	2	31	28	28	false
28	26	1	2	29	28	28	false
28	26	2	2	30	28	28	false
28	27	1	2	29	28	28	false
29	0	1	2	30	29	29	false
29	0	2	2	31	29	29	false
29	0	3	2	32	29	29	false
29	0	4	2	33	29	29	false
29	0	5	2	34	29	29	false
29	0	6	2	35	29	29	false
29	0	7	2	36	29	29	false
29	0	8	2	37	29	29	false
29	0	9	2	38	29	29	false
29	0	10	2	39	29	29	false
29	0	11	2	40	29	29	false
29	0	12	2	41	29	29	false
29	0	13	2	42	29	29	false
29	0	14	2	43	29	29	false
29	0	15	2	44	29	29	false
29	0	16	2	45	29	29	false
29	0	17	2	46	29	29	false
29	0	18	2	47	29	29	false
29	0	19	2	48	29	29	false
29	0	20	2	49	29	29	false
29	0	21	2	50	29	29	false
29	0	22	2	51	29	29	false
29	0	23	2	52	29	29	false
29	0	24	2	53	29	29	false
29	0	25	2	54	29	29	false
29	0	26	2	55	29	29	false
29	0	27	2	56	29	29	false
29	0	28	2	57	29	29	false
29	0	29	2	58	29	29	false
29	1	1	2	30	29	29	false
29	1	2	2	31	29	29	false
29	1	3	2	32	29	29	false
29	1	4	2	33	29	29	false
29	1	5	2	34	29	29	false
29	1	6	2	35	29	29	false
29	1	7	2	36	29	29	false
29	1	8	2	37	29	29	false
29	1	9	2	38	29	29	false
29	1	10	2	39	29	29	false
29	1	11	2	40	29	29	false
29	1	12	2	41	29	29	false
29	1	13	2	42	29	29	false
29	1	14	2	43	29	29	false
29	1	15	2	44	29	29	false
29	1	16	2	45	29	29	false
29	1	17	2	46	29	29	false
29	1	18	2	47	29	29	false
29	1	19	2	48	29	29	false
29	1	20	2	49	29	29	false
29	1	21	2	50	29	29	false
29	1	22	2	51	29	29	false
29	1	23	2	52	29	29	false
29	1	24	2	53	29	29	false
29	1	25	2	54	29	29	false
29	1	26	2	55	29	29	false
29	1	27	2	56	29	29	false
29	1	28	2	57	29	29	false
29	2	1	2	30	29	29	false
29	2	2	2	31	29	29	false
29	2	3	2	32	29	29	false
29	2	4	2	33	29	29	false
29	2	5	2	34	29	29	false
29	2	6	2	35	29	29	false
29	2	7	2	36	29	29	false
29	2	8	2	37	29	29	false
29	2	9	2	38	29	29	false
29	2	10	2	39	29	29	false
29	2	11	2	40	29	29	false
29	2	12	2	41	29	29	false
29	2	13	2	42	29	29	false
29	2	14	2	43	29	29	false
29	2	15	2	44	29	29	false
29	2	16	2	45	29	29	false
29	2	17	2	46	29	29	false
29	2	18	2	47	29	29	false
29	2	19	2	48	29	29	false
29	2	20	2	49	29	29	false
29	2	21	2	50	29	29	false
29	2	22	2	51	29	29	false
29	2	23	2	52	29	29	false
29	2	24	2	53	29	29	false
29	2	25	2	54	29	29	false
29	2	26	2	55	29	29	false
29	2	27	2	56	29	29	false
29	3	1	2	30	29	29	false
29	3	2	2	31	29	29	false
29	3	3	2	32	29	29	false
29	3	4	2	33	29	29	false
29	3	5	2	34	29	29	false
29	3	6	2	35	29	29	false
29	3	7	2	36	29	29	false
29	3	8	2	37	29	29	false
29	3	9	2	38	29	29	false
29	3	10	2	39	29	29	false
29	3	11	2	40	29	29	false
29	3	12	2	41	29	29	false
29	3	13	2	42	29	29	false
29	3	14	2	43	29	29	false
29	3	15	2	44	29	29	false
29	3	16	2	45	29	29	false
29	3	17	2	46	29	29	false
29	3	18	2	47	29	29	false
29	3	19	2	48	29	29	false
29	3	20	2	49	29	29	false
29	3	21	2	50	29	29	false
29	3	22	2	51	29	29	false
29	3	23	2	52	29	29	false
29	3	24	2	53	29	29	false
29	3	25	2	54	29	29	false
29	3	26	2	55	29	29	false
29	4	1	2	30	29	29	false
29	4	2	2	31	29	29	false
29	4	3	2	32	29	29	false
29	4	4	2	33	29	29	false
29	4	5	2	34	29	29	false
29	4	6	2	35	29	29	false
29	4	7	2	36	29	29	false
29	4	8	2	37	29	29	false
29	4	9	2	38	29	29	false
29	4	10	2	39	29	29	false
29	4	11	2	40	29	29	false
29	4	12	2	41	29	29	false
29	4	13	2	42	29	29	false
29	4	14	2	43	29	29	false
29	4	15	2	44	29	29	false
29	4	16	2	45	29	29	false
29	4	17	2	46	29	29	false
29	4	18	2	47	29	29	false
29	4	19	2	48	29	29	false
29	4	20	2	49	29	29	false
29	4	21	2	50	29	29	false
29	4	22	2	51	29	29	false
29	4	23	2	52	29	29	false
29	4	24	2	53	29	29	false
29	4	25	2	54	29	29	false
29	5	1	2	30	29	29	false
29	5	2	2	31	29	29	false
29	5	3	2	32	29	29	false
29	5	4	2	33	29	29	false
29	5	5	2	34	29	29	false
29	5	6	2	35	29	29	false
29	5	7	2	36	29	29	false
29	5	8	2	37	29	29	false
29	5	9	2	38	29	29	false
29	5	10	2	39	29	29	false
29	5	11	2	40	29	29	false
29	5	12	2	41	29	29	false
29	5	13	2	42	29	29	false
29	5	14	2	43	29	29	false
29	5	15	2	44	29	29	false
29	5	16	2	45	29	29	false
29	5	17	2	46	29	29	false
29	5	18	2	47	29	29	false
29	5	19	2	48	29	29	false
29	5	20	2	49	29	29	false
29	5	21	2	50	29	29	false
29	5	22	2	51	29	29	false
29	5	23	2	52	29	29	false
29	5	24	2	53	29	29	false
29	6	1	2	30	29	29	false
29	6	2	2	31	29	29	false
29	6	3	2	32	29	29	false
29	6	4	2	33	29	29	false
29	6	5	2	34	29	29	false
29	6	6	2	35	29	29	false
29	6	7	2	36	29	29	false
29	6	8	2	37	29	29	false
29	6	9	2	38	29	29	false
29	6	10	2	39	29	29	false
29	6	11	2	40	29	29	false
29	6	12	2	41	29	29	false
29	6	13	2	42	29	29	false
29	6	14	2	43	29	29	false
29	6	15	2	44	29	29	false
29	6	16	2	45	29	29	false
29	6	17	2	46	29	29	false
29	6	18	2	47	29	29	false
29	6	19	2	48	29	29	false
29	6	20	2	49	29	29	false
29	6	21	2	50	29	29	false
29	6	22	2	51	29	29	false
29	6	23	2	52	29	29	false
29	7	1	2	30	29	29	false
29	7	2	2	31	29	29	false
29	7	3	2	32	29	29	false
29	7	4	2	33	29	29	false
29	7	5	2	34	29	29	false
29	7	6	2	35	29	29	false
29	7	7	2	36	29	29	false
29	7	8	2	37	29	29	false
29	7	9	2	38	29	29	false
29	7	10	2	39	29	29	false
29	7	11	2	40	29	29	false
29	7	12	2	41	29	29	false
29	7	13	2	42	29	29	false
29	7	14	2	43	29	29	false
29	7	15	2	44	29	29	false
29	7	16	2	45	29	29	false
29	7	17	2	46	29	29	false
29	7	18	2	47	29	29	false
29	7	19	2	48	29	29	false
29	7	20	2	49	29	29	false
29	7	21	2	50	29	29	false
29	7	22	2	51	29	29	false
29	8	1	2	30	29	29	false
29	8	2	2	31	29	29	false
29	8	3	2	32	29	29	false
29	8	4	2	33	29	29	false
29	8	5	2	34	29	29	false
29	8	6	2	35	29	29	false
29	8	7	2	36	29	29	false
29	8	8	2	37	29	29	false
29	8	9	2	38	29	29	false
29	8	10	2	39	29	29	false
29	8	11	2	40	29	29	false
29	8	12	2	41	29	29	false
29	8	13	2	42	29	29	false
29	8	14	2	43	29	29	false
29	8	15	2	44	29	29	false
29	8	16	2	45	29	29	false
29	8	17	2	46	29	29	false
29	8	18	2	47	29	29	false
29	8	19	2	48	29	29	false
29	8	20	2	49	29	29	false
29	8	21	2	50	29	29	false
29	9	1	2	30	29	29	false
29	9	2	2	31	29	29	false
29	9	3	2	32	29	29	false
29	9	4	2	33	29	29	false
29	9	5	2	34	29	29	false
29	9	6	2	35	29	29	false
29	9	7	2	36	29	29	false
29	9	8	2	37	29	29	false
29	9	9	2	38	29	29	false
29	9	10	2	39	29	29	false
29	9	11	2	40	29	29	false
29	9	12	2	41	29	29	false
29	9	13	2	42	29	29	false
29	9	14	2	43	29	29	false
29	9	15	2	44	29	29	false
29	9	16	2	45	29	29	false
29	9	17	2	46	29	29	false
29	9	18	2	47	29	29	false
29	9	19	2	48	29	29	false
29	9	20	2	49	29	29	false
29	10	1	2	30	29	29	false
29	10	2	2	31	29	29	false
29	10	3	2	32	29	29	false
29	10	4	2	33	29	29	false
29	10	5	2	34	29	29	false
29	10	6	2	35	29	29	false
29	10	7	2	36	29	29	false
29	10	8	2	37	29	29	false
29	10	9	2	38	29	29	false
29	10	10	2	39	29	29	false
29	10	11	2	40	29	29	false
29	10	12	2	41	29	29	false
29	10	13	2	42	29	29	false
29	10	14	2	43	29	29	false
29	10	15	2	44	29	29	false
29	10	16	2	45	29	29	false
29	10	17	2	46	29	29	false
29	10	18	2	47	29	29	false
29	10	19	2	48	29	29	false
29	11	1	2	30	29	29	false
29	11	2	2	31	29	29	false
29	11	3	2	32	29	29	false
29	11	4	2	33	29	29	false
29	11	5	2	34	29	29	false
29	11	6	2	35	29	29	false
29	11	7	2	36	29	29	false
29	11	8	2	37	29	29	false
29	11	9	2	38	29	29	false
29	11	10	2	39	29	29	false
29	11	11	2	40	29	29	false
29	11	12	2	41	29	29	false
29	11	13	2	42	29	29	false
29	11	14	2	43	29	29	false
29	11	15	2	44	29	29	false
29	11	16	2	45	29	29	false
29	11	17	2	46	29	29	false
29	11	18	2	47	29	29	false
29	12	1	2	30	29	29	false
29	12	2	2	31	29	29	false
29	12	3	2	32	29	29	false
29	12	4	2	33	29	29	false
29	12	5	2	34	29	29	false
29	12	6	2	35	29	29	false
29	12	7	2	36	29	29	false
29	12	8	2	37	29	29	false
29	12	9	2	38	29	29	false
29	12	10	2	39	29	29	false
29	12	11	2	40	29	29	false
29	12	12	2	41	29	29	false
29	12	13	2	42	29	29	false
29	12	14	2	43	29	29	false
29	12	15	2	44	29	29	false
29	12	16	2	45	29	29	false
29	12	17	2	46	29	29	false
29	13	1	2	30	29	29	false
29	13	2	2	31	29	29	false
29	13	3	2	32	29	29	false
29	13	4	2	33	29	29	false
29	13	5	2	34	29	29	false
29	13	6	2	35	29	29	false
29	13	7	2	36	29	29	false
29	13	8	2	37	29	29	false
29	13	9	2	38	29	29	false
29	13	10	2	39	29	29	false
29	13	11	2	40	29	29	false
29	13	12	2	41	29	29	false
29	13	13	2	42	29	29	false
29	13	14	2	43	29	29	false
29	13	15	2	44	29	29	false
29	13	16	2	45	29	29	false
29	14	1	2	30	29	29	false
29	14	2	2	31	29	29	false
29	14	3	2	32	29	29	false
29	14	4	2	33	29	29	false
29	14	5	2	34	29	29	false
29	14	6	2	35	29	29	false
29	14	7	2	36	29	29	false
29	14	8	2	37	29	29	false
29	14	9	2	38	29	29	false
29	14	10	2	39	29	29	false
29	14	11	2	40	29	29	false
29	14	12	2	41	29	29	false
29	14	13	2	42	29	29	false
29	14	14	2	43	29	29	false
29	14	15	2	44	29	29	false
29	15	1	2	30	29	29	false
29	15	2	2	31	29	29	false
29	15	3	2	32	29	29	false
29	15	4	2	33	29	29	false
29	15	5	2	34	29	29	false
29	15	6	2	35	29	29	false
29	15	7	2	36	29	29	false
29	15	8	2	37	29	29	false
29	15	9	2	38	29	29	false
29	15	10	2	39	29	29	false
29	15	11	2	40	29	29	false
29	15	12	2	41	29	29	false
29	15	13	2	42	29	29	false
29	15	14	2	43	29	29	false
29	16	1	2	30	29	29	false
29	16	2	2	31	29	29	false
29	16	3	2	32	29	29	false
29	16	4	2	33	29	29	false
29	16	5	2	34	29	29	false
29	16	6	2	35	29	29	false
29	16	7	2	36	29	29	false
29	16	8	2	37	29	29	false
29	16	9	2	38	29	29	false
29	16	10	2	39	29	29	false
29	16	11	2	40	29	29	false
29	16	12	2	41	29	29	false
29	16	13	2	42	29	29	false
29	17	1	2	30	29	29	false
29	17	2	2	31	29	29	false
29	17	3	2	32	29	29	false
29	17	4	2	33	29	29	false
29	17	5	2	34	29	29	false
29	17	6	2	35	29	29	false
29	17	7	2	36	29	29	false
29	17	8	2	37	29	29	false
29	17	9	2	38	29	29	false
29	17	10	2	39	29	29	false
29	17	11	2	40	29	29	false
29	17	12	2	41	29	29	false
29	18	1	2	30	29	29	false
29	18	2	2	31	29	29	false
29	18	3	2	32	29	29	false
29	18	4	2	33	29	29	false
29	18	5	2	34	29	29	false
29	18	6	2	35	29	29	false
29	18	7	2	36	29	29	false
29	18	8	2	37	29	29	false
29	18	9	2	38	29	29	false
29	18	10	2	39	29	29	false
29	18	11	2	40	29	29	false
29	19	1	2	30	29	29	false
29	19	2	2	31	29	29	false
29	19	3	2	32	29	29	false
29	19	4	2	33	29	29	false
29	19	5	2	34	29	29	false
29	19	6	2	35	29	29	false
29	19	7	2	36	29	29	false
29	19	8	2	37	29	29	false
29	19	9	2	38	29	29	false
29	19	10	2	39	29	29	false
29	20	1	2	30	29	29	false
29	20	2	2	31	29	29	false
29	20	3	2	32	29	29	false
29	20	4	2	33	29	29	false
29	20	5	2	34	29	29	false
29	20	6	2	35	29	29	false
29	20	7	2	36	29	29	false
29	20	8	2	37	29	29	false
29	20	9	2	38	29	29	false
29	21	1	2	30	29	29	false
29	21	2	2	31	29	29	false
29	21	3	2	32	29	29	false
29	21	4	2	33	29	29	false
29	21	5	2	34	29	29	false
29	21	6	2	35	29	29	false
29	21	7	2	36	29	29	false
29	21	8	2	37	29	29	false
29	22	1	2	30	29	29	false
29	22	2	2	31	29	29	false
29	22	3	2	32	29	29	false
29	22	4	2	33	29	29	false
29	22	5	2	34	29	29	false
29	22	6	2	35	29	29	false
29	22	7	2	36	29	29	false
29	23	1	2	30	29	29	false
29	23	2	2	31	29	29	false
29	23	3	2	32	29	29	false
29	23	4	2	33	29	29	false
29	23	5	2	34	29	29	false
29	23	6	2	35	29	29	false
29	24	1	2	30	29	29	false
29	24	2	2	31	29	29	false
29	24	3	2	32	29	29	false
29	24	4	2	33	29	29	false
29	24	5	2	34	29	29	false
29	25	1	2	30	29	29	false
29	25	2	2	31	29	29	false
29	25	3	2	32	29	29	false
29	25	4	2	33	29	29	false
29	26	1	2	30	29	29	false
29	26	2	2	31	29	29	false
29	26	3	2	32	29	29	false
29	27	1	2	30	29	29	false
29	27	2	2	31	29	29	false
29	28	1	2	30	29	29	false
30	0	1	2	31	30	30	false
30	0	2	2	32	30	30	false
30	0	3	2	33	30	30	false
30	0	4	2	34	30	30	false
30	0	5	2	35	30	30	false
30	0	6	2	36	30	30	false
30	0	7	2	37	30	30	false
30	0	8	2	38	30	30	false
30	0	9	2	39	30	30	false
30	0	10	2	40	30	30	false
30	0	11	2	41	30	30	false
30	0	12	2	42	30	30	false
30	0	13	2	43	30	30	false
30	0	14	2	44	30	30	false
30	0	15	2	45	30	30	false
30	0	16	2	46	30	30	false
30	0	17	2	47	30	30	false
30	0	18	2	48	30	30	false
30	0	19	2	49	30	30	false
30	0	20	2	50	30	30	false
30	0	21	2	51	30	30	false
30	0	22	2	52	30	30	false
30	0	23	2	53	30	30	false
30	0	24	2	54	30	30	false
30	0	25	2	55	30	30	false
30	0	26	2	56	30	30	false
30	0	27	2	57	30	30	false
30	0	28	2	58	30	30	false
30	0	29	2	59	30	30	false
30	0	30	2	60	30	30	false
30	1	1	2	31	30	30	false
30	1	2	2	32	30	30	false
30	1	3	2	33	30	30	false
30	1	4	2	34	30	30	false
30	1	5	2	35	30	30	false
30	1	6	2	36	30	30	false
30	1	7	2	37	30	30	false
30	1	8	2	38	30	30	false
30	1	9	2	39	30	30	false
30	1	10	2	40	30	30	false
30	1	11	2	41	30	30	false
30	1	12	2	42	30	30	false
30	1	13	2	43	30	30	false
30	1	14	2	44	30	30	false
30	1	15	2	45	30	30	false
30	1	16	2	46	30	30	false
30	1	17	2	47	30	30	false
30	1	18	2	48	30	30	false
30	1	19	2	49	30	30	false
30	1	20	2	50	30	30	false
30	1	21	2	51	30	30	false
30	1	22	2	52	30	30	false
30	1	23	2	53	30	30	false
30	1	24	2	54	30	30	false
30	1	25	2	55	30	30	false
30	1	26	2	56	30	30	false
30	1	27	2	57	30	30	false
30	1	28	2	58	30	30	false
30	1	29	2	59	30	30	false
30	2	1	2	31	30	30	false
30	2	2	2	32	30	30	false
30	2	3	2	33	30	30	false
30	2	4	2	34	30	30	false
30	2	5	2	35	30	30	false
30	2	6	2	36	30	30	false
30	2	7	2	37	30	30	false
30	2	8	2	38	30	30	false
30	2	9	2	39	30	30	false
30	2	10	2	40	30	30	false
30	2	11	2	41	30	30	false
30	2	12	2	42	30	30	false
30	2	13	2	43	30	30	false
30	2	14	2	44	30	30	false
30	2	15	2	45	30	30	false
30	2	16	2	46	30	30	false
30	2	17	2	47	30	30	false
30	2	18	2	48	30	30	false
30	2	19	2	49	30	30	false
30	2	20	2	50	30	30	false
30	2	21	2	51	30	30	false
30	2	22	2	52	30	30	false
30	2	23	2	53	30	30	false
30	2	24	2	54	30	30	false
30	2	25	2	55	30	30	false
30	2	26	2	56	30	30	false
30	2	27	2	57	30	30	false
30	2	28	2	58	30	30	false
30	3	1	2	31	30	30	false
30	3	2	2	32	30	30	false
30	3	3	2	33	30	30	false
30	3	4	2	34	30	30	false
30	3	5	2	35	30	30	false
30	3	6	2	36	30	30	false
30	3	7	2	37	30	30	false
30	3	8	2	38	30	30	false
30	3	9	2	39	30	30	false
30	3	10	2	40	30	30	false
30	3	11	2	41	30	30	false
30	3	12	2	42	30	30	false
30	3	13	2	43	30	30	false
30	3	14	2	44	30	30	false
30	3	15	2	45	30	30	false
30	3	16	2	46	30	30	false
30	3	17	2	47	30	30	false
30	3	18	2	48	30	30	false
30	3	19	2	49	30	30	false
30	3	20	2	50	30	30	false
30	3	21	2	51	30	30	false
30	3	22	2	52	30	30	false
30	3	23	2	53	30	30	false
30	3	24	2	54	30	30	false
30	3	25	2	55	30	30	false
30	3	26	2	56	30	30	false
30	3	27	2	57	30	30	false
30	4	1	2	31	30	30	false
30	4	2	2	32	30	30	false
30	4	3	2	33	30	30	false
30	4	4	2	34	30	30	false
30	4	5	2	35	30	30	false
30	4	6	2	36	30	30	false
30	4	7	2	37	30	30	false
30	4	8	2	38	30	30	false
30	4	9	2	39	30	30	false
30	4	10	2	40	30	30	false
30	4	11	2	41	30	30	false
30	4	12	2	42	30	30	false
30	4	13	2	43	30	30	false
30	4	14	2	44	30	30	false
30	4	15	2	45	30	30	false
30	4	16	2	46	30	30	false
30	4	17	2	47	30	30	false
30	4	18	2	48	30	30	false
30	4	19	2	49	30	30	false
30	4	20	2	50	30	30	false
30	4	21	2	51	30	30	false
30	4	22	2	52	30	30	false
30	4	23	2	53	30	30	false
30	4	24	2	54	30	30	false
30	4	25	2	55	30	30	false
30	4	26	2	56	30	30	false
30	5	1	2	31	30	30	false
30	5	2	2	32	30	30	false
30	5	3	2	33	30	30	false
30	5	4	2	34	30	30	false
30	5	5	2	35	30	30	false
30	5	6	2	36	30	30	false
30	5	7	2	37	30	30	false
30	5	8	2	38	30	30	false
30	5	9	2	39	30	30	false
30	5	10	2	40	30	30	false
30	5	11	2	41	30	30	false
30	5	12	2	42	30	30	false
30	5	13	2	43	30	30	false
30	5	14	2	44	30	30	false
30	5	15	2	45	30	30	false
30	5	16	2	46	30	30	false
30	5	17	2	47	30	30	false
30	5	18	2	48	30	30	false
30	5	19	2	49	30	30	false
30	5	20	2	50	30	30	false
30	5	21	2	51	30	30	false
30	5	22	2	52	30	30	false
30	5	23	2	53	30	30	false
30	5	24	2	54	30	30	false
30	5	25	2	55	30	30	false
30	6	1	2	31	30	30	false
30	6	2	2	32	30	30	false
30	6	3	2	33	30	30	false
30	6	4	2	34	30	30	false
30	6	5	2	35	30	30	false
30	6	6	2	36	30	30	false
30	6	7	2	37	30	30	false
30	6	8	2	38	30	30	false
30	6	9	2	39	30	30	false
30	6	10	2	40	30	30	false
30	6	11	2	41	30	30	false
30	6	12	2	42	30	30	false
30	6	13	2	43	30	30	false
30	6	14	2	44	30	30	false
30	6	15	2	45	30	30	false
30	6	16	2	46	30	30	false
30	6	17	2	47	30	30	false
30	6	18	2	48	30	30	false
30	6	19	2	49	30	30	false
30	6	20	2	50	30	30	false
30	6	21	2	51	30	30	false
30	6	22	2	52	30	30	false
30	6	23	2	53	30	30	false
30	6	24	2	54	30	30	false
30	7	1	2	31	30	30	false
30	7	2	2	32	30	30	false
30	7	3	2	33	30	30	false
30	7	4	2	34	30	30	false
30	7	5	2	35	30	30	false
30	7	6	2	36	30	30	false
30	7	7	2	37	30	30	false
30	7	8	2	38	30	30	false
30	7	9	2	39	30	30	false
30	7	10	2	40	30	30	false
30	7	11	2	41	30	30	false
30	7	12	2	42	30	30	false
30	7	13	2	43	30	30	false
30	7	14	2	44	30	30	false
30	7	15	2	45	30	30	false
30	7	16	2	46	30	30	false
30	7	17	2	47	30	30	false
30	7	18	2	48	30	30	false
30	7	19	2	49	30	30	false
30	7	20	2	50	30	30	false
30	7	21	2	51	30	30	false
30	7	22	2	52	30	30	false
30	7	23	2	53	30	30	false
30	8	1	2	31	30	30	false
30	8	2	2	32	30	30	false
30	8	3	2	33	30	30	false
30	8	4	2	34	30	30	false
30	8	5	2	35	30	30	false
30	8	6	2	36	30	30	false
30	8	7	2	37	30	30	false
30	8	8	2	38	30	30	false
30	8	9	2	39	30	30	false
30	8	10	2	40	30	30	false
30	8	11	2	41	30	30	false
30	8	12	2	42	30	30	false
30	8	13	2	43	30	30	false
30	8	14	2	44	30	30	false
30	8	15	2	45	30	30	false
30	8	16	2	46	30	30	false
30	8	17	2	47	30	30	false
30	8	18	2	48	30	30	false
30	8	19	2	49	30	30	false
30	8	20	2	50	30	30	false
30	8	21	2	51	30	30	false
30	8	22	2	52	30	30	false
30	9	1	2	31	30	30	false
30	9	2	2	32	30	30	false
30	9	3	2	33	30	30	false
30	9	4	2	34	30	30	false
30	9	5	2	35	30	30	false
30	9	6	2	36	30	30	false
30	9	7	2	37	30	30	false
30	9	8	2	38	30	30	false
30	9	9	2	39	30	30	false
30	9	10	2	40	30	30	false
30	9	11	2	41	30	30	false
30	9	12	2	42	30	30	false
30	9	13	2	43	30	30	false
30	9	14	2	44	30	30	false
30	9	15	2	45	30	30	false
30	9	16	2	46	30	30	false
30	9	17	2	47	30	30	false
30	9	18	2	48	30	30	false
30	9	19	2	49	30	30	false
30	9	20	2	50	30	30	false
30	9	21	2	51	30	30	false
30	10	1	2	31	30	30	false
30	10	2	2	32	30	30	false
30	10	3	2	33	30	30	false
30	10	4	2	34	30	30	false
30	10	5	2	35	30	30	false
30	10	6	2	36	30	30	false
30	10	7	2	37	30	30	false
30	10	8	2	38	30	30	false
30	10	9	2	39	30	30	false
30	10	10	2	40	30	30	false
30	10	11	2	41	30	30	false
30	10	12	2	42	30	30	false
30	10	13	2	43	30	30	false
30	10	14	2	44	30	30	false
30	10	15	2	45	30	30	false
30	10	16	2	46	30	30	false
30	10	17	2	47	30	30	false
30	10	18	2	48	30	30	false
30	10	19	2	49	30	30	false
30	10	20	2	50	30	30	false
30	11	1	2	31	30	30	false
30	11	2	2	32	30	30	false
30	11	3	2	33	30	30	false
30	11	4	2	34	30	30	false
30	11	5	2	35	30	30	false
30	11	6	2	36	30	30	false
30	11	7	2	37	30	30	false
30	11	8	2	38	30	30	false
30	11	9	2	39	30	30	false
30	11	10	2	40	30	30	false
30	11	11	2	41	30	30	false
30	11	12	2	42	30	30	false
30	11	13	2	43	30	30	false
30	11	14	2	44	30	30	false
30	11	15	2	45	30	30	false
30	11	16	2	46	30	30	false
30	11	17	2	47	30	30	false
30	11	18	2	48	30	30	false
30	11	19	2	49	30	30	false
30	12	1	2	31	30	30	false
30	12	2	2	32	30	30	false
30	12	3	2	33	30	30	false
30	12	4	2	34	30	30	false
30	12	5	2	35	30	30	false
30	12	6	2	36	30	30	false
30	12	7	2	37	30	30	false
30	12	8	2	38	30	30	false
30	12	9	2	39	30	30	false
30	12	10	2	40	30	30	false
30	12	11	2	41	30	30	false
30	12	12	2	42	30	30	false
30	12	13	2	43	30	30	false
30	12	14	2	44	30	30	false
30	12	15	2	45	30	30	false
30	12	16	2	46	30	30	false
30	12	17	2	47	30	30	false
30	12	18	2	48	30	30	false
30	13	1	2	31	30	30	false
30	13	2	2	32	30	30	false
30	13	3	2	33	30	30	false
30	13	4	2	34	30	30	false
30	13	5	2	35	30	30	false
30	13	6	2	36	30	30	false
30	13	7	2	37	30	30	false
30	13	8	2	38	30	30	false
30	13	9	2	39	30	30	false
30	13	10	2	40	30	30	false
30	13	11	2	41	30	30	false
30	13	12	2	42	30	30	false
30	13	13	2	43	30	30	false
30	13	14	2	44	30	30	false
30	13	15	2	45	30	30	false
30	13	16	2	46	30	30	false
30	13	17	2	47	30	30	false
30	14	1	2	31	30	30	false
30	14	2	2	32	30	30	false
30	14	3	2	33	30	30	false
30	14	4	2	34	30	30	false
30	14	5	2	35	30	30	false
30	14	6	2	36	30	30	false
30	14	7	2	37	30	30	false
30	14	8	2	38	30	30	false
30	14	9	2	39	30	30	false
30	14	10	2	40	30	30	false
30	14	11	2	41	30	30	false
30	14	12	2	42	30	30	false
30	14	13	2	43	30	30	false
30	14	14	2	44	30	30	false
30	14	15	2	45	30	30	false
30	14	16	2	46	30	30	false
30	15	1	2	31	30	30	false
30	15	2	2	32	30	30	false
30	15	3	2	33	30	30	false
30	15	4	2	34	30	30	false
30	15	5	2	35	30	30	false
30	15	6	2	36	30	30	false
30	15	7	2	37	30	30	false
30	15	8	2	38	30	30	false
30	15	9	2	39	30	30	false
30	15	10	2	40	30	30	false
30	15	11	2	41	30	30	false
30	15	12	2	42	30	30	false
30	15	13	2	43	30	30	false
30	15	14	2	44	30	30	false
30	15	15	2	45	30	30	false
30	16	1	2	31	30	30	false
30	16	2	2	32	30	30	false
30	16	3	2	33	30	30	false
30	16	4	2	34	30	30	false
30	16	5	2	35	30	30	false
30	16	6	2	36	30	30	false
30	16	7	2	37	30	30	false
30	16	8	2	38	30	30	false
30	16	9	2	39	30	30	false
30	16	10	2	40	30	30	false
30	16	11	2	41	30	30	false
30	16	12	2	42	30	30	false
30	16	13	2	43	30	30	false
30	16	14	2	44	30	30	false
30	17	1	2	31	30	30	false
30	17	2	2	32	30	30	false
30	17	3	2	33	30	30	false
30	17	4	2	34	30	30	false
30	17	5	2	35	30	30	false
30	17	6	2	36	30	30	false
30	17	7	2	37	30	30	false
30	17	8	2	38	30	30	false
30	17	9	2	39	30	30	false
30	17	10	2	40	30	30	false
30	17	11	2	41	30	30	false
30	17	12	2	42	30	30	false
30	17	13	2	43	30	30	false
30	18	1	2	31	30	30	false
30	18	2	2	32	30	30	false
30	18	3	2	33	30	30	false
30	18	4	2	34	30	30	false
30	18	5	2	35	30	30	false
30	18	6	2	36	30	30	false
30	18	7	2	37	30	30	false
30	18	8	2	38	30	30	false
30	18	9	2	39	30	30	false
30	18	10	2	40	30	30	false
30	18	11	2	41	30	30	false
30	18	12	2	42	30	30	false
30	19	1	2	31	30	30	false
30	19	2	2	32	30	30	false
30	19	3	2	33	30	30	false
30	19	4	2	34	30	30	false
30	19	5	2	35	30	30	false
30	19	6	2	36	30	30	false
30	19	7	2	37	30	30	false
30	19	8	2	38	30	30	false
30	19	9	2	39	30	30	false
30	19	10	2	40	30	30	false
30	19	11	2	41	30	30	false
30	20	1	2	31	30	30	false
30	20	2	2	32	30	30	false
30	20	3	2	33	30	30	false
30	20	4	2	34	30	30	false
30	20	5	2	35	30	30	false
30	20	6	2	36	30	30	false
30	20	7	2	37	30	30	false
30	20	8	2	38	30	30	false
30	20	9	2	39	30	30	false
30	20	10	2	40	30	30	false
30	21	1	2	31	30	30	false
30	21	2	2	32	30	30	false
30	21	3	2	33	30	30	false
30	21	4	2	34	30	30	false
30	21	5	2	35	30	30	false
30	21	6	2	36	30	30	false
30	21	7	2	37	30	30	false
30	21	8	2	38	30	30	false
30	21	9	2	39	30	30	false
30	22	1	2	31	30	30	false
30	22	2	2	32	30	30	false
30	22	3	2	33	30	30	false
30	22	4	2	34	30	30	false
30	22	5	2	35	30	30	false
30	22	6	2	36	30	30	false
30	22	7	2	37	30	30	false
30	22	8	2	38	30	30	false
30	23	1	2	31	30	30	false
30	23	2	2	32	30	30	false
30	23	3	2	33	30	30	false
30	23	4	2	34	30	30	false
30	23	5	2	35	30	30	false
30	23	6	2	36	30	30	false
30	23	7	2	37	30	30	false
30	24	1	2	31	30	30	false
30	24	2	2	32	30	30	false
30	24	3	2	33	30	30	false
30	24	4	2	34	30	30	false
30	24	5	2	35	30	30	false
30	24	6	2	36	30	30	false
30	25	1	2	31	30	30	false
30	25	2	2	32	30	30	false
30	25	3	2	33	30	30	false
30	25	4	2	34	30	30	false
30	25	5	2	35	30	30	false
30	26	1	2	31	30	30	false
30	26	2	2	32	30	30	false
30	26	3	2	33	30	30	false
30	26	4	2	34	30	30	false
30	27	1	2	31	30	30	false
30	27	2	2	32	30	30	false
30	27	3	2	33	30	30	false
30	28	1	2	31	30	30	false
30	28	2	2	32	30	30	false
30	29	1	2	31	30	30	false
